OBJECTID,STATEFP20,COUNTYFP20,TRACTCE20,BLKGRPCE20,GEOID20,NAMELSAD20,MTFCC20,FUNCSTAT20,ALAND20,AWATER20,INTPTLAT20,INTPTLON20
1,36,119,000101,1,361190001011,Block Group 1,G5030,S,89697,0,+40.9261988,-073.8998093
2,36,119,000101,2,361190001012,Block Group 2,G5030,S,115471,0,+40.9264912,-073.8968482
3,36,119,000101,3,361190001013,Block Group 3,G5030,S,50734,0,+40.9263388,-073.8982075
4,36,119,000103,1,361190001031,Block Group 1,G5030,S,62258,0,+40.9335263,-073.9013255
5,36,119,000103,2,361190001032,Block Group 2,G5030,S,80735,0,+40.9308543,-073.9018075
6,36,119,000103,3,361190001033,Block Group 3,G5030,S,88436,0,+40.9265128,-073.9016532
7,36,119,000103,4,361190001034,Block Group 4,G5030,S,119348,0,+40.9283008,-073.9033797
8,36,119,000104,1,361190001041,Block Group 1,G5030,S,151708,808783,+40.9287188,-073.9049967
9,36,119,000202,1,361190002021,Block Group 1,G5030,S,86292,0,+40.9213453,-073.9020910
10,36,119,000202,2,361190002022,Block Group 2,G5030,S,209269,410704,+40.9213113,-073.9085756
11,36,119,000202,3,361190002023,Block Group 3,G5030,S,227004,0,+40.9191251,-073.9044892
12,36,119,000203,1,361190002031,Block Group 1,G5030,S,108168,0,+40.9134896,-073.8983373
13,36,119,000203,2,361190002032,Block Group 2,G5030,S,273491,178986,+40.9163028,-073.9076863
14,36,119,000203,3,361190002033,Block Group 3,G5030,S,91011,0,+40.9146743,-073.9006116
15,36,119,000204,1,361190002041,Block Group 1,G5030,S,62404,0,+40.9218524,-073.8968527
16,36,119,000204,2,361190002042,Block Group 2,G5030,S,125446,0,+40.9217459,-073.8995875
17,36,119,000205,1,361190002051,Block Group 1,G5030,S,65003,0,+40.9184980,-073.9000668
18,36,119,000205,2,361190002052,Block Group 2,G5030,S,42874,0,+40.9165327,-073.8993134
19,36,119,000205,3,361190002053,Block Group 3,G5030,S,70337,0,+40.9184673,-073.8976594
20,36,119,000300,1,361190003001,Block Group 1,G5030,S,144754,0,+40.9322082,-073.8949062
21,36,119,000300,2,361190003002,Block Group 2,G5030,S,192312,0,+40.9312094,-073.8981717
22,36,119,000300,3,361190003003,Block Group 3,G5030,S,48752,0,+40.9317814,-073.8928872
23,36,119,000401,1,361190004011,Block Group 1,G5030,S,78505,0,+40.9365868,-073.8966688
24,36,119,000401,2,361190004012,Block Group 2,G5030,S,224737,0,+40.9372122,-073.8992605
25,36,119,000401,3,361190004013,Block Group 3,G5030,S,107328,458003,+40.9359208,-073.9032837
26,36,119,000401,4,361190004014,Block Group 4,G5030,S,70507,0,+40.9368740,-073.8950003
27,36,119,000403,1,361190004031,Block Group 1,G5030,S,60592,0,+40.9486015,-073.8984191
28,36,119,000403,2,361190004032,Block Group 2,G5030,S,131055,0,+40.9416773,-073.8973680
29,36,119,000403,3,361190004033,Block Group 3,G5030,S,158766,725214,+40.9441946,-073.9008152
30,36,119,000403,4,361190004034,Block Group 4,G5030,S,58241,0,+40.9456476,-073.8989155
31,36,119,000404,1,361190004041,Block Group 1,G5030,S,67425,0,+40.9454121,-073.8948981
32,36,119,000404,2,361190004042,Block Group 2,G5030,S,121601,0,+40.9454794,-073.8967602
33,36,119,000501,1,361190005011,Block Group 1,G5030,S,47238,0,+40.9419858,-073.8891965
34,36,119,000501,2,361190005012,Block Group 2,G5030,S,218029,0,+40.9399206,-073.8877511
35,36,119,000502,1,361190005021,Block Group 1,G5030,S,104034,0,+40.9365512,-073.8914769
36,36,119,000502,2,361190005022,Block Group 2,G5030,S,85358,0,+40.9377830,-073.8929570
37,36,119,000601,1,361190006011,Block Group 1,G5030,S,151724,0,+40.9438968,-073.8841509
38,36,119,000601,2,361190006012,Block Group 2,G5030,S,111259,0,+40.9449174,-073.8871181
39,36,119,000602,1,361190006021,Block Group 1,G5030,S,201264,0,+40.9418304,-073.8924011
40,36,119,000602,2,361190006022,Block Group 2,G5030,S,203483,0,+40.9459974,-073.8912351
41,36,119,000701,1,361190007011,Block Group 1,G5030,S,330114,0,+40.9522196,-073.8928772
42,36,119,000701,2,361190007012,Block Group 2,G5030,S,886890,0,+40.9662439,-073.8873408
43,36,119,000702,1,361190007021,Block Group 1,G5030,S,147544,0,+40.9738682,-073.8880383
44,36,119,000702,2,361190007022,Block Group 2,G5030,S,320683,1732372,+40.9667662,-073.8896752
45,36,119,000702,3,361190007023,Block Group 3,G5030,S,244311,447091,+40.9540664,-073.8982894
46,36,119,000801,1,361190008011,Block Group 1,G5030,S,409865,0,+40.9662299,-073.8811430
47,36,119,000801,2,361190008012,Block Group 2,G5030,S,195329,0,+40.9580775,-073.8800218
48,36,119,000801,3,361190008013,Block Group 3,G5030,S,193341,0,+40.9535563,-073.8813725
49,36,119,000801,4,361190008014,Block Group 4,G5030,S,113047,0,+40.9595715,-073.8848430
50,36,119,000801,5,361190008015,Block Group 5,G5030,S,245631,0,+40.9622117,-073.8818307
51,36,119,000802,1,361190008021,Block Group 1,G5030,S,232167,0,+40.9490704,-073.8814530
52,36,119,000802,2,361190008022,Block Group 2,G5030,S,586451,0,+40.9605498,-073.8742448
53,36,119,000803,1,361190008031,Block Group 1,G5030,S,291971,0,+40.9536506,-073.8839399
54,36,119,000803,2,361190008032,Block Group 2,G5030,S,389307,0,+40.9530061,-073.8884041
55,36,119,000803,3,361190008033,Block Group 3,G5030,S,139532,0,+40.9486504,-073.8861908
56,36,119,000900,1,361190009001,Block Group 1,G5030,S,1047723,0,+40.9751008,-073.8638600
57,36,119,000900,2,361190009002,Block Group 2,G5030,S,1200957,0,+40.9728259,-073.8763503
58,36,119,000900,3,361190009003,Block Group 3,G5030,S,271429,0,+40.9746119,-073.8696133
59,36,119,001000,1,361190010001,Block Group 1,G5030,S,85535,0,+40.9364631,-073.8829668
60,36,119,001000,2,361190010002,Block Group 2,G5030,S,119456,0,+40.9371334,-073.8858980
61,36,119,001101,1,361190011011,Block Group 1,G5030,S,93710,0,+40.9334805,-073.8884562
62,36,119,001101,2,361190011012,Block Group 2,G5030,S,82072,0,+40.9342178,-073.8907778
63,36,119,001102,1,361190011021,Block Group 1,G5030,S,108259,0,+40.9339391,-073.8846661
64,36,119,001102,2,361190011022,Block Group 2,G5030,S,544496,0,+40.9300190,-073.8835309
65,36,119,001102,3,361190011023,Block Group 3,G5030,S,92395,0,+40.9312790,-073.8862902
66,36,119,001200,1,361190012001,Block Group 1,G5030,S,61439,0,+40.9307651,-073.8915246
67,36,119,001200,2,361190012002,Block Group 2,G5030,S,165008,0,+40.9268752,-073.8935969
68,36,119,001200,3,361190012003,Block Group 3,G5030,S,196332,0,+40.9269176,-073.8907605
69,36,119,001301,1,361190013011,Block Group 1,G5030,S,836481,0,+40.9210615,-073.8836488
70,36,119,001301,2,361190013012,Block Group 2,G5030,S,285183,0,+40.9222418,-073.8879659
71,36,119,001301,3,361190013013,Block Group 3,G5030,S,303814,0,+40.9201098,-073.8924840
72,36,119,001302,1,361190013021,Block Group 1,G5030,S,94687,0,+40.9151346,-073.8912299
73,36,119,001302,2,361190013022,Block Group 2,G5030,S,128685,0,+40.9100451,-073.8884149
74,36,119,001302,3,361190013023,Block Group 3,G5030,S,144410,0,+40.9122855,-073.8879435
75,36,119,001304,1,361190013041,Block Group 1,G5030,S,147600,0,+40.9132166,-073.8931944
76,36,119,001304,2,361190013042,Block Group 2,G5030,S,25617,0,+40.9108131,-073.8941972
77,36,119,001305,1,361190013051,Block Group 1,G5030,S,110166,0,+40.9176711,-073.8950462
78,36,119,001305,2,361190013052,Block Group 2,G5030,S,86400,0,+40.9139989,-073.8957288
79,36,119,001401,1,361190014011,Block Group 1,G5030,S,308846,0,+40.9290368,-073.8677356
80,36,119,001401,2,361190014012,Block Group 2,G5030,S,159513,0,+40.9220700,-073.8663618
81,36,119,001401,3,361190014013,Block Group 3,G5030,S,260769,0,+40.9211584,-073.8705886
82,36,119,001401,4,361190014014,Block Group 4,G5030,S,1018003,59198,+40.9228916,-073.8786312
83,36,119,001402,1,361190014021,Block Group 1,G5030,S,431971,0,+40.9187131,-073.8748649
84,36,119,001402,2,361190014022,Block Group 2,G5030,S,221185,0,+40.9131348,-073.8771706
85,36,119,001403,1,361190014031,Block Group 1,G5030,S,101447,0,+40.9140712,-073.8814338
86,36,119,001403,2,361190014032,Block Group 2,G5030,S,124914,0,+40.9099808,-073.8836784
87,36,119,001403,3,361190014033,Block Group 3,G5030,S,93635,0,+40.9095241,-073.8813763
88,36,119,001403,4,361190014034,Block Group 4,G5030,S,125384,0,+40.9083948,-073.8790090
89,36,119,001502,1,361190015021,Block Group 1,G5030,S,188256,0,+40.9035275,-073.8593689
90,36,119,001502,2,361190015022,Block Group 2,G5030,S,116081,0,+40.9044216,-073.8622251
91,36,119,001502,3,361190015023,Block Group 3,G5030,S,130574,0,+40.9050827,-073.8654284
92,36,119,001503,1,361190015031,Block Group 1,G5030,S,151016,0,+40.9042353,-073.8686651
93,36,119,001503,2,361190015032,Block Group 2,G5030,S,167006,0,+40.9066627,-073.8747388
94,36,119,001503,3,361190015033,Block Group 3,G5030,S,202741,0,+40.9090655,-073.8733996
95,36,119,001503,4,361190015034,Block Group 4,G5030,S,255008,355475,+40.9086985,-073.8703224
96,36,119,001504,1,361190015041,Block Group 1,G5030,S,167367,0,+40.9103784,-073.8570539
97,36,119,001504,2,361190015042,Block Group 2,G5030,S,123646,0,+40.9124059,-073.8597634
98,36,119,001504,3,361190015043,Block Group 3,G5030,S,237798,0,+40.9080649,-073.8618542
99,36,119,001504,4,361190015044,Block Group 4,G5030,S,653735,0,+40.9159634,-073.8638679
100,36,119,001505,1,361190015051,Block Group 1,G5030,S,238964,0,+40.9109538,-073.8539552
101,36,119,001600,1,361190016001,Block Group 1,G5030,S,222682,0,+40.9528170,-073.8741197
102,36,119,001600,2,361190016002,Block Group 2,G5030,S,107224,0,+40.9491380,-073.8746604
103,36,119,001600,3,361190016003,Block Group 3,G5030,S,273141,0,+40.9472985,-073.8769886
104,36,119,001600,4,361190016004,Block Group 4,G5030,S,1326253,0,+40.9398370,-073.8756702
105,36,119,001701,1,361190017011,Block Group 1,G5030,S,208755,0,+40.9448510,-073.8705656
106,36,119,001701,2,361190017012,Block Group 2,G5030,S,160352,0,+40.9534757,-073.8681423
107,36,119,001701,3,361190017013,Block Group 3,G5030,S,149964,0,+40.9491439,-073.8666454
108,36,119,001701,4,361190017014,Block Group 4,G5030,S,237709,0,+40.9504394,-073.8706111
109,36,119,001702,1,361190017021,Block Group 1,G5030,S,303532,0,+40.9448862,-073.8631564
110,36,119,001702,2,361190017022,Block Group 2,G5030,S,1041494,0,+40.9502099,-073.8587633
111,36,119,001800,1,361190018001,Block Group 1,G5030,S,333192,0,+40.9587702,-073.8656006
112,36,119,001800,2,361190018002,Block Group 2,G5030,S,136005,0,+40.9581683,-073.8694622
113,36,119,001900,1,361190019001,Block Group 1,G5030,S,669511,0,+40.9645839,-073.8659675
114,36,119,002000,1,361190020001,Block Group 1,G5030,S,573701,0,+40.9690844,-073.8446846
115,36,119,002000,2,361190020002,Block Group 2,G5030,S,369197,0,+40.9627246,-073.8452916
116,36,119,002000,3,361190020003,Block Group 3,G5030,S,398290,0,+40.9574879,-073.8492884
117,36,119,002000,4,361190020004,Block Group 4,G5030,S,3464584,627991,+40.9729901,-073.8543255
118,36,119,002101,1,361190021011,Block Group 1,G5030,S,246384,0,+40.9835833,-073.8303590
119,36,119,002101,2,361190021012,Block Group 2,G5030,S,371369,0,+40.9806417,-073.8346295
120,36,119,002101,3,361190021013,Block Group 3,G5030,S,494761,0,+40.9724713,-073.8371998
121,36,119,002103,1,361190021031,Block Group 1,G5030,S,528139,0,+40.9737286,-073.8175615
122,36,119,002103,2,361190021032,Block Group 2,G5030,S,389820,0,+40.9603223,-073.8258158
123,36,119,002103,3,361190021033,Block Group 3,G5030,S,551649,0,+40.9677254,-073.8216379
124,36,119,002104,1,361190021041,Block Group 1,G5030,S,491464,0,+40.9620744,-073.8318187
125,36,119,002104,2,361190021042,Block Group 2,G5030,S,524104,0,+40.9647350,-073.8364779
126,36,119,002104,3,361190021043,Block Group 3,G5030,S,156102,0,+40.9553361,-073.8444776
127,36,119,002104,4,361190021044,Block Group 4,G5030,S,135032,0,+40.9596876,-073.8427871
128,36,119,002105,1,361190021051,Block Group 1,G5030,S,756588,0,+40.9813143,-073.8252579
129,36,119,002105,2,361190021052,Block Group 2,G5030,S,740268,0,+40.9816992,-073.8183359
130,36,119,002106,1,361190021061,Block Group 1,G5030,S,185574,19400,+40.9733476,-073.8256948
131,36,119,002106,2,361190021062,Block Group 2,G5030,S,140019,0,+40.9743381,-073.8305936
132,36,119,002107,1,361190021071,Block Group 1,G5030,S,545868,27390,+40.9694618,-073.8296011
133,36,119,002201,1,361190022011,Block Group 1,G5030,S,553221,0,+40.9564377,-073.8342101
134,36,119,002201,2,361190022012,Block Group 2,G5030,S,465802,0,+40.9528750,-073.8367613
135,36,119,002202,1,361190022021,Block Group 1,G5030,S,116636,0,+40.9501772,-073.8409559
136,36,119,002202,2,361190022022,Block Group 2,G5030,S,160478,0,+40.9410731,-073.8396578
137,36,119,002202,3,361190022023,Block Group 3,G5030,S,361734,0,+40.9469296,-073.8377394
138,36,119,002202,4,361190022024,Block Group 4,G5030,S,612924,0,+40.9464143,-073.8447028
139,36,119,002203,1,361190022031,Block Group 1,G5030,S,350766,0,+40.9494681,-073.8494167
140,36,119,002204,1,361190022041,Block Group 1,G5030,S,408651,0,+40.9343250,-073.8388265
141,36,119,002204,2,361190022042,Block Group 2,G5030,S,403327,0,+40.9319494,-073.8431887
142,36,119,002204,3,361190022043,Block Group 3,G5030,S,613053,0,+40.9366336,-073.8505504
143,36,119,002204,4,361190022044,Block Group 4,G5030,S,516935,0,+40.9398660,-073.8470734
144,36,119,002300,1,361190023001,Block Group 1,G5030,S,896525,0,+40.9361074,-073.8658686
145,36,119,002300,2,361190023002,Block Group 2,G5030,S,650214,0,+40.9399614,-073.8575079
146,36,119,002401,1,361190024011,Block Group 1,G5030,S,348542,0,+40.9327259,-073.8547288
147,36,119,002402,1,361190024021,Block Group 1,G5030,S,75380,0,+40.9279554,-073.8474768
148,36,119,002402,2,361190024022,Block Group 2,G5030,S,234505,0,+40.9264193,-073.8438572
149,36,119,002403,1,361190024031,Block Group 1,G5030,S,235953,0,+40.9204731,-073.8476828
150,36,119,002403,2,361190024032,Block Group 2,G5030,S,124027,0,+40.9209437,-073.8515489
151,36,119,002403,3,361190024033,Block Group 3,G5030,S,155248,0,+40.9248203,-073.8493101
152,36,119,002403,4,361190024034,Block Group 4,G5030,S,223641,0,+40.9160096,-073.8539775
153,36,119,002403,5,361190024035,Block Group 5,G5030,S,135899,0,+40.9172944,-073.8504972
154,36,119,002404,1,361190024041,Block Group 1,G5030,S,566642,0,+40.9264999,-073.8539027
155,36,119,002404,2,361190024042,Block Group 2,G5030,S,201718,0,+40.9214250,-073.8584195
156,36,119,002404,3,361190024043,Block Group 3,G5030,S,208487,0,+40.9175682,-073.8577714
157,36,119,002405,1,361190024051,Block Group 1,G5030,S,211298,0,+40.9295885,-073.8588985
158,36,119,002405,2,361190024052,Block Group 2,G5030,S,194792,0,+40.9275706,-073.8622910
159,36,119,002405,3,361190024053,Block Group 3,G5030,S,232767,0,+40.9242537,-073.8624660
160,36,119,002600,1,361190026001,Block Group 1,G5030,S,156353,0,+40.8973314,-073.8362563
161,36,119,002600,2,361190026002,Block Group 2,G5030,S,1201380,26819,+40.8949348,-073.8262262
162,36,119,002600,3,361190026003,Block Group 3,G5030,S,117254,0,+40.8946669,-073.8357125
163,36,119,002700,1,361190027001,Block Group 1,G5030,S,160665,0,+40.9029981,-073.8289269
164,36,119,002700,2,361190027002,Block Group 2,G5030,S,182697,0,+40.9020891,-073.8324436
165,36,119,002800,1,361190028001,Block Group 1,G5030,S,136739,0,+40.9013630,-073.8357167
166,36,119,002800,2,361190028002,Block Group 2,G5030,S,140965,0,+40.9007706,-073.8385981
167,36,119,002900,1,361190029001,Block Group 1,G5030,S,162422,0,+40.9059403,-073.8377819
168,36,119,002900,2,361190029002,Block Group 2,G5030,S,206461,0,+40.9057385,-073.8419379
169,36,119,003000,1,361190030001,Block Group 1,G5030,S,142761,0,+40.9095255,-073.8403402
170,36,119,003000,2,361190030002,Block Group 2,G5030,S,215945,0,+40.9080056,-073.8469945
171,36,119,003100,1,361190031001,Block Group 1,G5030,S,170311,0,+40.9096824,-073.8355221
172,36,119,003100,2,361190031002,Block Group 2,G5030,S,118605,0,+40.9062562,-073.8337474
173,36,119,003200,1,361190032001,Block Group 1,G5030,S,127763,0,+40.9105123,-073.8315366
174,36,119,003200,2,361190032002,Block Group 2,G5030,S,166755,0,+40.9073350,-073.8299559
175,36,119,003300,1,361190033001,Block Group 1,G5030,S,185926,0,+40.9100316,-073.8251506
176,36,119,003300,2,361190033002,Block Group 2,G5030,S,124121,0,+40.9064464,-073.8228617
177,36,119,003300,3,361190033003,Block Group 3,G5030,S,210674,0,+40.9030518,-073.8243688
178,36,119,003300,4,361190033004,Block Group 4,G5030,S,103764,0,+40.9069098,-073.8262725
179,36,119,003400,1,361190034001,Block Group 1,G5030,S,163562,0,+40.9094995,-073.8159351
180,36,119,003400,2,361190034002,Block Group 2,G5030,S,101690,0,+40.9061786,-073.8158116
181,36,119,003400,3,361190034003,Block Group 3,G5030,S,120520,0,+40.9106842,-073.8203133
182,36,119,003400,4,361190034004,Block Group 4,G5030,S,298646,0,+40.9049538,-073.8187998
183,36,119,003500,1,361190035001,Block Group 1,G5030,S,89610,0,+40.9114233,-073.8455197
184,36,119,003500,2,361190035002,Block Group 2,G5030,S,265978,0,+40.9113147,-073.8494932
185,36,119,003600,1,361190036001,Block Group 1,G5030,S,199139,0,+40.9150279,-073.8386760
186,36,119,003600,2,361190036002,Block Group 2,G5030,S,89386,0,+40.9140191,-073.8425004
187,36,119,003600,3,361190036003,Block Group 3,G5030,S,98225,0,+40.9119344,-073.8414433
188,36,119,003700,1,361190037001,Block Group 1,G5030,S,193042,0,+40.9200439,-073.8406240
189,36,119,003700,2,361190037002,Block Group 2,G5030,S,120692,0,+40.9173202,-073.8429865
190,36,119,003700,3,361190037003,Block Group 3,G5030,S,291269,0,+40.9191534,-073.8447456
191,36,119,003800,1,361190038001,Block Group 1,G5030,S,81514,0,+40.9226751,-073.8379590
192,36,119,003800,2,361190038002,Block Group 2,G5030,S,57571,0,+40.9231963,-073.8392682
193,36,119,003800,3,361190038003,Block Group 3,G5030,S,111723,0,+40.9256078,-073.8389414
194,36,119,003900,1,361190039001,Block Group 1,G5030,S,168567,0,+40.9237222,-073.8331442
195,36,119,003900,2,361190039002,Block Group 2,G5030,S,154351,0,+40.9212752,-073.8360973
196,36,119,003900,3,361190039003,Block Group 3,G5030,S,163629,0,+40.9195789,-073.8328848
197,36,119,004001,1,361190040011,Block Group 1,G5030,S,150724,0,+40.9129940,-073.8302274
198,36,119,004001,2,361190040012,Block Group 2,G5030,S,108272,0,+40.9139847,-073.8359138
199,36,119,004002,1,361190040021,Block Group 1,G5030,S,121331,0,+40.9155289,-073.8281256
200,36,119,004002,2,361190040022,Block Group 2,G5030,S,72876,0,+40.9157257,-073.8341478
201,36,119,004002,3,361190040023,Block Group 3,G5030,S,116144,0,+40.9162760,-073.8314097
202,36,119,004100,1,361190041001,Block Group 1,G5030,S,300992,17621,+40.9138197,-073.8164703
203,36,119,004100,2,361190041002,Block Group 2,G5030,S,93830,0,+40.9130501,-073.8241286
204,36,119,004100,3,361190041003,Block Group 3,G5030,S,359688,0,+40.9160554,-073.8226892
205,36,119,004200,1,361190042001,Block Group 1,G5030,S,267641,0,+40.9227733,-073.8260658
206,36,119,004200,2,361190042002,Block Group 2,G5030,S,221326,0,+40.9203826,-073.8278965
207,36,119,004200,3,361190042003,Block Group 3,G5030,S,46685,0,+40.9189914,-073.8220095
208,36,119,004200,4,361190042004,Block Group 4,G5030,S,111669,0,+40.9205344,-073.8199634
209,36,119,004500,1,361190045001,Block Group 1,G5030,S,292461,0,+40.9305333,-073.8356048
210,36,119,004600,1,361190046001,Block Group 1,G5030,S,196268,0,+40.9446577,-073.8324822
211,36,119,004600,2,361190046002,Block Group 2,G5030,S,251639,0,+40.9383009,-073.8325058
212,36,119,004600,3,361190046003,Block Group 3,G5030,S,251690,0,+40.9414847,-073.8361443
213,36,119,004700,1,361190047001,Block Group 1,G5030,S,977266,0,+40.9364944,-073.8215159
214,36,119,004700,2,361190047002,Block Group 2,G5030,S,841787,0,+40.9415307,-073.8260331
215,36,119,004801,1,361190048011,Block Group 1,G5030,S,407073,0,+40.9544758,-073.8264565
216,36,119,004801,2,361190048012,Block Group 2,G5030,S,317416,0,+40.9468714,-073.8226788
217,36,119,004801,3,361190048013,Block Group 3,G5030,S,109389,0,+40.9487340,-073.8287850
218,36,119,004802,1,361190048021,Block Group 1,G5030,S,236723,0,+40.9601816,-073.8168848
219,36,119,004802,2,361190048022,Block Group 2,G5030,S,144419,0,+40.9509366,-073.8242912
220,36,119,004802,3,361190048023,Block Group 3,G5030,S,341613,0,+40.9548670,-073.8207648
221,36,119,004900,1,361190049001,Block Group 1,G5030,S,128565,0,+40.9833355,-073.8127535
222,36,119,004900,2,361190049002,Block Group 2,G5030,S,101371,0,+40.9832088,-073.8111017
223,36,119,005001,1,361190050011,Block Group 1,G5030,S,612945,0,+40.9733086,-073.7977374
224,36,119,005001,2,361190050012,Block Group 2,G5030,S,484057,0,+40.9809348,-073.8064351
225,36,119,005002,1,361190050021,Block Group 1,G5030,S,334059,0,+40.9641045,-073.8142556
226,36,119,005002,2,361190050022,Block Group 2,G5030,S,1240690,0,+40.9722933,-073.8105909
227,36,119,005002,3,361190050023,Block Group 3,G5030,S,1406953,159377,+40.9649458,-073.8001759
228,36,119,005100,1,361190051001,Block Group 1,G5030,S,207785,0,+40.9558136,-073.8156437
229,36,119,005100,2,361190051002,Block Group 2,G5030,S,361933,0,+40.9538469,-073.8104981
230,36,119,005100,3,361190051003,Block Group 3,G5030,S,244634,0,+40.9574741,-073.8089437
231,36,119,005100,4,361190051004,Block Group 4,G5030,S,168598,0,+40.9503695,-073.8191069
232,36,119,005200,1,361190052001,Block Group 1,G5030,S,997616,133790,+40.9412117,-073.8058274
233,36,119,005200,2,361190052002,Block Group 2,G5030,S,655494,0,+40.9506100,-073.8087269
234,36,119,005200,3,361190052003,Block Group 3,G5030,S,1308611,0,+40.9383150,-073.8115732
235,36,119,005200,4,361190052004,Block Group 4,G5030,S,295526,0,+40.9459919,-073.8146132
236,36,119,005300,1,361190053001,Block Group 1,G5030,S,340314,0,+40.9218298,-073.8065491
237,36,119,005300,2,361190053002,Block Group 2,G5030,S,360857,5908,+40.9152303,-073.8101624
238,36,119,005300,3,361190053003,Block Group 3,G5030,S,501716,0,+40.9129040,-073.8052649
239,36,119,005400,1,361190054001,Block Group 1,G5030,S,429067,0,+40.9053744,-073.8041438
240,36,119,005400,2,361190054002,Block Group 2,G5030,S,497432,0,+40.9064686,-073.8107950
241,36,119,005500,1,361190055001,Block Group 1,G5030,S,445993,0,+40.8998781,-073.8041438
242,36,119,005500,2,361190055002,Block Group 2,G5030,S,531133,2435,+40.8917667,-073.7974276
243,36,119,005500,3,361190055003,Block Group 3,G5030,S,1042257,12514,+40.8959278,-073.8144416
244,36,119,005500,4,361190055004,Block Group 4,G5030,S,1484071,98550,+40.8890801,-073.8025866
245,36,119,005600,1,361190056001,Block Group 1,G5030,S,312476,190781,+40.8841800,-073.7702528
246,36,119,005702,1,361190057021,Block Group 1,G5030,S,261094,16697,+40.9007471,-073.7788642
247,36,119,005702,2,361190057022,Block Group 2,G5030,S,235758,0,+40.8992406,-073.7813246
248,36,119,005703,1,361190057031,Block Group 1,G5030,S,138319,0,+40.8966705,-073.7860495
249,36,119,005703,2,361190057032,Block Group 2,G5030,S,990359,2351,+40.8957165,-073.7920230
250,36,119,005704,1,361190057041,Block Group 1,G5030,S,581646,498795,+40.8854726,-073.7831857
251,36,119,005704,2,361190057042,Block Group 2,G5030,S,139893,0,+40.8972247,-073.7832883
252,36,119,005800,1,361190058001,Block Group 1,G5030,S,141649,0,+40.9062013,-073.7822737
253,36,119,005800,2,361190058002,Block Group 2,G5030,S,214235,0,+40.9032144,-073.7842497
254,36,119,005800,3,361190058003,Block Group 3,G5030,S,224571,0,+40.9013499,-073.7889233
255,36,119,005901,1,361190059011,Block Group 1,G5030,S,135838,0,+40.9100307,-073.7753829
256,36,119,005901,2,361190059012,Block Group 2,G5030,S,154000,0,+40.9059593,-073.7758302
257,36,119,005901,3,361190059013,Block Group 3,G5030,S,159091,0,+40.9081542,-073.7788135
258,36,119,005902,1,361190059021,Block Group 1,G5030,S,1149060,99844,+40.9126124,-073.7661759
259,36,119,005902,2,361190059022,Block Group 2,G5030,S,430368,0,+40.9225779,-073.7683390
260,36,119,005902,3,361190059023,Block Group 3,G5030,S,975036,6300812,+40.8872296,-073.7571915
261,36,119,006000,1,361190060001,Block Group 1,G5030,S,242971,0,+40.9183040,-073.7723684
262,36,119,006000,2,361190060002,Block Group 2,G5030,S,129262,0,+40.9151286,-073.7745560
263,36,119,006000,3,361190060003,Block Group 3,G5030,S,223383,0,+40.9119929,-073.7810352
264,36,119,006000,4,361190060004,Block Group 4,G5030,S,321834,0,+40.9174819,-073.7765464
265,36,119,006100,1,361190061001,Block Group 1,G5030,S,187123,0,+40.9076088,-073.7861326
266,36,119,006100,2,361190061002,Block Group 2,G5030,S,179287,0,+40.9037174,-073.7913869
267,36,119,006100,3,361190061003,Block Group 3,G5030,S,492539,0,+40.9040761,-073.7967412
268,36,119,006200,1,361190062001,Block Group 1,G5030,S,261141,0,+40.9133983,-073.7987618
269,36,119,006200,2,361190062002,Block Group 2,G5030,S,161443,0,+40.9119854,-073.7956030
270,36,119,006200,3,361190062003,Block Group 3,G5030,S,144122,0,+40.9088119,-073.7934887
271,36,119,006200,4,361190062004,Block Group 4,G5030,S,139266,0,+40.9089562,-073.7985898
272,36,119,006301,1,361190063011,Block Group 1,G5030,S,145071,0,+40.9157153,-073.7913982
273,36,119,006301,2,361190063012,Block Group 2,G5030,S,151656,0,+40.9114628,-073.7888847
274,36,119,006301,3,361190063013,Block Group 3,G5030,S,116433,0,+40.9134883,-073.7909637
275,36,119,006302,1,361190063021,Block Group 1,G5030,S,191383,0,+40.9142400,-073.7859187
276,36,119,006302,2,361190063022,Block Group 2,G5030,S,122898,0,+40.9090078,-073.7885839
277,36,119,006400,1,361190064001,Block Group 1,G5030,S,147568,0,+40.9223816,-073.7907309
278,36,119,006400,2,361190064002,Block Group 2,G5030,S,234884,0,+40.9192227,-073.7901381
279,36,119,006400,3,361190064003,Block Group 3,G5030,S,267263,0,+40.9171353,-073.7976989
280,36,119,006400,4,361190064004,Block Group 4,G5030,S,346838,15968,+40.9201830,-073.7978213
281,36,119,006500,1,361190065001,Block Group 1,G5030,S,392849,0,+40.9247589,-073.7847755
282,36,119,006500,2,361190065002,Block Group 2,G5030,S,382005,0,+40.9262704,-073.7788660
283,36,119,006500,3,361190065003,Block Group 3,G5030,S,624086,0,+40.9192257,-073.7811322
284,36,119,006500,4,361190065004,Block Group 4,G5030,S,714726,0,+40.9292804,-073.7719821
285,36,119,006600,1,361190066001,Block Group 1,G5030,S,414696,0,+40.9363337,-073.7966383
286,36,119,006600,2,361190066002,Block Group 2,G5030,S,351373,50076,+40.9304680,-073.7937918
287,36,119,006600,3,361190066003,Block Group 3,G5030,S,288077,0,+40.9240059,-073.8000984
288,36,119,006600,4,361190066004,Block Group 4,G5030,S,544672,0,+40.9308243,-073.8009500
289,36,119,006600,5,361190066005,Block Group 5,G5030,S,87600,0,+40.9255651,-073.7898779
290,36,119,006600,6,361190066006,Block Group 6,G5030,S,219075,0,+40.9256187,-073.7939682
291,36,119,006700,1,361190067001,Block Group 1,G5030,S,1056345,113448,+40.9464831,-073.7741043
292,36,119,006700,2,361190067002,Block Group 2,G5030,S,591088,19782,+40.9363518,-073.7750025
293,36,119,006700,3,361190067003,Block Group 3,G5030,S,1115343,6636,+40.9418292,-073.7847393
294,36,119,006700,4,361190067004,Block Group 4,G5030,S,991141,0,+40.9329575,-073.7848526
295,36,119,006801,1,361190068011,Block Group 1,G5030,S,421654,0,+40.9852083,-073.7813723
296,36,119,006801,2,361190068012,Block Group 2,G5030,S,600332,8494,+40.9769173,-073.7793147
297,36,119,006801,3,361190068013,Block Group 3,G5030,S,1501594,0,+40.9677084,-073.7859217
298,36,119,006801,4,361190068014,Block Group 4,G5030,S,1000375,0,+40.9768424,-073.7878374
299,36,119,006802,1,361190068021,Block Group 1,G5030,S,1291717,0,+40.9483305,-073.7862552
300,36,119,006802,2,361190068022,Block Group 2,G5030,S,695285,2918,+40.9602033,-073.7749795
301,36,119,006802,3,361190068023,Block Group 3,G5030,S,2167162,77757,+40.9577337,-073.7913811
302,36,119,006802,4,361190068024,Block Group 4,G5030,S,746528,0,+40.9423252,-073.7993747
303,36,119,006900,1,361190069001,Block Group 1,G5030,S,3638881,0,+40.9642848,-073.7514387
304,36,119,006900,2,361190069002,Block Group 2,G5030,S,1477945,0,+40.9530831,-073.7625421
305,36,119,006900,3,361190069003,Block Group 3,G5030,S,928864,12043,+40.9473570,-073.7539602
306,36,119,006900,4,361190069004,Block Group 4,G5030,S,298326,0,+40.9408797,-073.7488395
307,36,119,006900,5,361190069005,Block Group 5,G5030,S,392591,201078,+40.9295240,-073.7423353
308,36,119,007000,1,361190070001,Block Group 1,G5030,S,531283,4276380,+40.9105687,-073.7588739
309,36,119,007000,2,361190070002,Block Group 2,G5030,S,284929,0,+40.9348878,-073.7649235
310,36,119,007000,3,361190070003,Block Group 3,G5030,S,578322,0,+40.9398266,-073.7591837
311,36,119,007000,4,361190070004,Block Group 4,G5030,S,769082,12557,+40.9434038,-073.7665667
312,36,119,007000,5,361190070005,Block Group 5,G5030,S,287544,0,+40.9358097,-073.7517458
313,36,119,007100,1,361190071001,Block Group 1,G5030,S,903489,6732530,+40.9183259,-073.7453488
314,36,119,007100,2,361190071002,Block Group 2,G5030,S,492218,0,+40.9269187,-073.7613019
315,36,119,007100,3,361190071003,Block Group 3,G5030,S,755368,2956,+40.9207701,-073.7531286
316,36,119,007100,4,361190071004,Block Group 4,G5030,S,372897,0,+40.9291978,-073.7560134
317,36,119,007100,5,361190071005,Block Group 5,G5030,S,314029,0,+40.9329615,-073.7545595
318,36,119,007200,1,361190072001,Block Group 1,G5030,S,212778,0,+40.9512784,-073.7349770
319,36,119,007200,2,361190072002,Block Group 2,G5030,S,1303114,737855,+40.9375777,-073.7272746
320,36,119,007200,3,361190072003,Block Group 3,G5030,S,354126,0,+40.9482207,-073.7393075
321,36,119,007200,4,361190072004,Block Group 4,G5030,S,1336277,7218245,+40.9283295,-073.7301900
322,36,119,007200,5,361190072005,Block Group 5,G5030,S,396098,0,+40.9434474,-073.7428012
323,36,119,007300,1,361190073001,Block Group 1,G5030,S,698250,0,+40.9508931,-073.7440980
324,36,119,007300,2,361190073002,Block Group 2,G5030,S,387417,0,+40.9585664,-073.7377560
325,36,119,007300,3,361190073003,Block Group 3,G5030,S,639361,6755,+40.9655558,-073.7376076
326,36,119,007401,1,361190074011,Block Group 1,G5030,S,275791,0,+40.9589159,-073.7247726
327,36,119,007401,2,361190074012,Block Group 2,G5030,S,391826,0,+40.9599601,-073.7321165
328,36,119,007401,3,361190074013,Block Group 3,G5030,S,561690,0,+40.9551737,-073.7295956
329,36,119,007402,1,361190074021,Block Group 1,G5030,S,366194,118502,+40.9492408,-073.7287310
330,36,119,007402,2,361190074022,Block Group 2,G5030,S,414456,0,+40.9571840,-073.7195620
331,36,119,007402,3,361190074023,Block Group 3,G5030,S,974236,741306,+40.9439692,-073.7209920
332,36,119,007500,1,361190075001,Block Group 1,G5030,S,1736111,9560,+40.9659439,-073.7044444
333,36,119,007500,2,361190075002,Block Group 2,G5030,S,1118351,0,+40.9646111,-073.6942237
334,36,119,007500,3,361190075003,Block Group 3,G5030,S,2181177,1627721,+40.9483467,-073.7066421
335,36,119,007600,1,361190076001,Block Group 1,G5030,S,2412938,415940,+40.9713897,-073.6711184
336,36,119,007600,2,361190076002,Block Group 2,G5030,S,1260236,34635985,+40.9447383,-073.6863743
337,36,119,007600,3,361190076003,Block Group 3,G5030,S,284991,6581,+40.9593185,-073.6865507
338,36,119,007600,4,361190076004,Block Group 4,G5030,S,371508,0,+40.9645282,-073.6849813
339,36,119,007600,5,361190076005,Block Group 5,G5030,S,670542,0,+40.9735973,-073.6842670
340,36,119,007600,6,361190076006,Block Group 6,G5030,S,682006,0,+40.9740123,-073.6788685
341,36,119,007700,1,361190077001,Block Group 1,G5030,S,1067711,0,+40.9861418,-073.6751025
342,36,119,007700,2,361190077002,Block Group 2,G5030,S,1003370,0,+40.9780868,-073.6872635
343,36,119,007700,3,361190077003,Block Group 3,G5030,S,1024132,0,+40.9790058,-073.6982488
344,36,119,007700,4,361190077004,Block Group 4,G5030,S,1344910,5072,+40.9894063,-073.6872196
345,36,119,007800,1,361190078001,Block Group 1,G5030,S,579723,0,+40.9927143,-073.6701144
346,36,119,007800,2,361190078002,Block Group 2,G5030,S,570304,136522,+40.9905982,-073.6636273
347,36,119,007901,1,361190079011,Block Group 1,G5030,S,371843,0,+40.9959358,-073.6753684
348,36,119,007901,2,361190079012,Block Group 2,G5030,S,164560,0,+40.9995432,-073.6769444
349,36,119,007901,3,361190079013,Block Group 3,G5030,S,101784,0,+41.0030417,-073.6769082
350,36,119,007902,1,361190079021,Block Group 1,G5030,S,147820,0,+40.9999242,-073.6691283
351,36,119,007902,2,361190079022,Block Group 2,G5030,S,136325,0,+41.0030135,-073.6738503
352,36,119,007902,3,361190079023,Block Group 3,G5030,S,124685,0,+41.0014671,-073.6713039
353,36,119,008000,1,361190080001,Block Group 1,G5030,S,174329,0,+41.0049776,-073.6642856
354,36,119,008000,2,361190080002,Block Group 2,G5030,S,463271,32033,+41.0008998,-073.6627177
355,36,119,008000,3,361190080003,Block Group 3,G5030,S,185798,0,+41.0045971,-073.6679255
356,36,119,008100,1,361190081001,Block Group 1,G5030,S,231948,544,+41.0146833,-073.6605889
357,36,119,008100,2,361190081002,Block Group 2,G5030,S,201999,16091,+41.0093508,-073.6578314
358,36,119,008100,3,361190081003,Block Group 3,G5030,S,116802,0,+41.0074600,-073.6613800
359,36,119,008100,4,361190081004,Block Group 4,G5030,S,205152,0,+41.0106245,-073.6618182
360,36,119,008200,1,361190082001,Block Group 1,G5030,S,390372,0,+41.0172989,-073.6736380
361,36,119,008200,2,361190082002,Block Group 2,G5030,S,531023,0,+41.0120516,-073.6714288
362,36,119,008200,3,361190082003,Block Group 3,G5030,S,783036,0,+41.0181433,-073.6658668
363,36,119,008200,4,361190082004,Block Group 4,G5030,S,305716,0,+41.0086962,-073.6719425
364,36,119,008200,5,361190082005,Block Group 5,G5030,S,249291,0,+41.0077373,-073.6763618
365,36,119,008301,1,361190083011,Block Group 1,G5030,S,512427,3660,+41.0012015,-073.6830400
366,36,119,008301,2,361190083012,Block Group 2,G5030,S,480181,0,+41.0113294,-073.6802369
367,36,119,008302,1,361190083021,Block Group 1,G5030,S,1510787,2768,+41.0291844,-073.6774745
368,36,119,008302,2,361190083022,Block Group 2,G5030,S,620111,0,+41.0240842,-073.6877126
369,36,119,008302,3,361190083023,Block Group 3,G5030,S,3866581,24927,+41.0499784,-073.6914509
370,36,119,008302,4,361190083024,Block Group 4,G5030,S,1883589,27086,+41.0137756,-073.6890807
371,36,119,008401,1,361190084011,Block Group 1,G5030,S,783111,0,+40.9795726,-073.7082747
372,36,119,008401,2,361190084012,Block Group 2,G5030,S,2841697,3801,+40.9750474,-073.7249262
373,36,119,008403,1,361190084031,Block Group 1,G5030,S,636991,0,+40.9685939,-073.7235372
374,36,119,008403,2,361190084032,Block Group 2,G5030,S,648802,0,+40.9723785,-073.7140670
375,36,119,008404,1,361190084041,Block Group 1,G5030,S,289888,0,+40.9686513,-073.7085617
376,36,119,008404,2,361190084042,Block Group 2,G5030,S,318370,0,+40.9628220,-073.7146592
377,36,119,008404,3,361190084043,Block Group 3,G5030,S,160099,0,+40.9628487,-073.7221057
378,36,119,008404,4,361190084044,Block Group 4,G5030,S,218194,0,+40.9654303,-073.7190094
379,36,119,008404,5,361190084045,Block Group 5,G5030,S,163293,0,+40.9668742,-073.7146437
380,36,119,008500,1,361190085001,Block Group 1,G5030,S,3642964,0,+40.9874463,-073.7242150
381,36,119,008500,2,361190085002,Block Group 2,G5030,S,3854129,18989,+40.9986535,-073.7054587
382,36,119,008500,3,361190085003,Block Group 3,G5030,S,5678629,40967,+41.0069334,-073.7098642
383,36,119,008602,1,361190086021,Block Group 1,G5030,S,876548,4958,+41.0381715,-073.7377305
384,36,119,008602,2,361190086022,Block Group 2,G5030,S,5386512,1527507,+41.0704030,-073.7366857
385,36,119,008602,3,361190086023,Block Group 3,G5030,S,1347835,0,+41.0286333,-073.7172979
386,36,119,008602,4,361190086024,Block Group 4,G5030,S,12438857,72054,+41.0478481,-073.7221062
387,36,119,008700,1,361190087001,Block Group 1,G5030,S,756446,70851,+41.0537865,-073.7414758
388,36,119,008700,2,361190087002,Block Group 2,G5030,S,750211,7542,+41.0378596,-073.7433784
389,36,119,008700,3,361190087003,Block Group 3,G5030,S,269766,0,+41.0350008,-073.7495544
390,36,119,008700,4,361190087004,Block Group 4,G5030,S,260494,0,+41.0390308,-073.7514427
391,36,119,008700,5,361190087005,Block Group 5,G5030,S,228100,0,+41.0412165,-073.7467417
392,36,119,008801,1,361190088011,Block Group 1,G5030,S,362216,0,+41.0353044,-073.7571328
393,36,119,008802,1,361190088021,Block Group 1,G5030,S,58026,0,+41.0357764,-073.7623773
394,36,119,008802,2,361190088022,Block Group 2,G5030,S,22523,0,+41.0338448,-073.7615953
395,36,119,008802,3,361190088023,Block Group 3,G5030,S,25722,0,+41.0346910,-073.7605287
396,36,119,008901,1,361190089011,Block Group 1,G5030,S,499772,0,+41.0468375,-073.7670413
397,36,119,008901,2,361190089012,Block Group 2,G5030,S,41252,0,+41.0380245,-073.7614627
398,36,119,008901,3,361190089013,Block Group 3,G5030,S,267756,0,+41.0399036,-073.7635746
399,36,119,008901,4,361190089014,Block Group 4,G5030,S,175242,0,+41.0411008,-073.7691602
400,36,119,008901,5,361190089015,Block Group 5,G5030,S,123305,0,+41.0363483,-073.7668437
401,36,119,008902,1,361190089021,Block Group 1,G5030,S,680865,97070,+41.0493900,-073.7498962
402,36,119,008902,2,361190089022,Block Group 2,G5030,S,2326776,177524,+41.0622561,-073.7583343
403,36,119,008902,3,361190089023,Block Group 3,G5030,S,322356,7947,+41.0442598,-073.7612814
404,36,119,009000,1,361190090001,Block Group 1,G5030,S,201349,0,+41.0347428,-073.7711472
405,36,119,009000,2,361190090002,Block Group 2,G5030,S,1033913,12500,+41.0408993,-073.7727445
406,36,119,009100,1,361190091001,Block Group 1,G5030,S,296690,0,+41.0318864,-073.7845110
407,36,119,009100,2,361190091002,Block Group 2,G5030,S,502367,0,+41.0272599,-073.7837425
408,36,119,009100,3,361190091003,Block Group 3,G5030,S,274996,0,+41.0340078,-073.7802615
409,36,119,009201,1,361190092011,Block Group 1,G5030,S,347762,0,+41.0216167,-073.7799531
410,36,119,009201,2,361190092012,Block Group 2,G5030,S,236028,0,+41.0277253,-073.7782196
411,36,119,009201,3,361190092013,Block Group 3,G5030,S,238521,0,+41.0258911,-073.7749791
412,36,119,009202,1,361190092021,Block Group 1,G5030,S,152451,0,+41.0184870,-073.7783290
413,36,119,009202,2,361190092022,Block Group 2,G5030,S,287805,0,+41.0208299,-073.7737060
414,36,119,009300,1,361190093001,Block Group 1,G5030,S,184836,0,+41.0319947,-073.7706358
415,36,119,009300,2,361190093002,Block Group 2,G5030,S,255074,0,+41.0291721,-073.7694290
416,36,119,009300,3,361190093003,Block Group 3,G5030,S,115673,0,+41.0266729,-073.7696759
417,36,119,009400,1,361190094001,Block Group 1,G5030,S,132811,0,+41.0333429,-073.7645986
418,36,119,009400,2,361190094002,Block Group 2,G5030,S,236990,0,+41.0304890,-073.7621844
419,36,119,009400,3,361190094003,Block Group 3,G5030,S,314371,0,+41.0260797,-073.7606672
420,36,119,009500,1,361190095001,Block Group 1,G5030,S,159979,0,+41.0245319,-073.7650444
421,36,119,009500,2,361190095002,Block Group 2,G5030,S,189695,0,+41.0211465,-073.7606647
422,36,119,009500,3,361190095003,Block Group 3,G5030,S,299283,0,+41.0218764,-073.7673875
423,36,119,009600,1,361190096001,Block Group 1,G5030,S,268644,0,+41.0170297,-073.7603910
424,36,119,009600,2,361190096002,Block Group 2,G5030,S,986390,0,+41.0077067,-073.7657306
425,36,119,009600,3,361190096003,Block Group 3,G5030,S,247481,0,+41.0163271,-073.7658292
426,36,119,009600,4,361190096004,Block Group 4,G5030,S,675083,0,+41.0147550,-073.7722123
427,36,119,009701,1,361190097011,Block Group 1,G5030,S,287965,0,+41.0034885,-073.7613958
428,36,119,009701,2,361190097012,Block Group 2,G5030,S,717077,0,+41.0093572,-073.7568442
429,36,119,009701,3,361190097013,Block Group 3,G5030,S,1361346,0,+40.9978572,-073.7527231
430,36,119,009702,1,361190097021,Block Group 1,G5030,S,478730,0,+41.0176987,-073.7518894
431,36,119,009702,2,361190097022,Block Group 2,G5030,S,2887059,0,+41.0243998,-073.7439314
432,36,119,009702,3,361190097023,Block Group 3,G5030,S,1411265,18318,+41.0141910,-073.7453562
433,36,119,009703,1,361190097031,Block Group 1,G5030,S,1551695,0,+40.9925573,-073.7373884
434,36,119,009703,2,361190097032,Block Group 2,G5030,S,1140439,0,+41.0001645,-073.7383679
435,36,119,009703,3,361190097033,Block Group 3,G5030,S,2838420,5394,+41.0070952,-073.7357539
436,36,119,009800,1,361190098001,Block Group 1,G5030,S,728672,0,+40.9823640,-073.7709873
437,36,119,009800,2,361190098002,Block Group 2,G5030,S,3254201,0,+40.9855147,-073.7560500
438,36,119,009800,3,361190098003,Block Group 3,G5030,S,1723116,6520,+40.9694335,-073.7630674
439,36,119,009800,4,361190098004,Block Group 4,G5030,S,951777,0,+40.9753811,-073.7685445
440,36,119,009900,1,361190099001,Block Group 1,G5030,S,1446687,0,+41.0053387,-073.7792351
441,36,119,009900,2,361190099002,Block Group 2,G5030,S,1653238,11067,+40.9975010,-073.7725568
442,36,119,009900,3,361190099003,Block Group 3,G5030,S,1866682,0,+40.9918289,-073.7841293
443,36,119,010000,1,361190100001,Block Group 1,G5030,S,876813,0,+41.0149112,-073.7859364
444,36,119,010000,2,361190100002,Block Group 2,G5030,S,581738,0,+41.0052514,-073.7921827
445,36,119,010000,3,361190100003,Block Group 3,G5030,S,477087,0,+41.0088773,-073.7881645
446,36,119,010000,4,361190100004,Block Group 4,G5030,S,1868752,0,+40.9971326,-073.7976037
447,36,119,010100,1,361190101001,Block Group 1,G5030,S,537691,0,+40.9841892,-073.7932789
448,36,119,010100,2,361190101002,Block Group 2,G5030,S,472557,0,+40.9788791,-073.7957137
449,36,119,010100,3,361190101003,Block Group 3,G5030,S,843015,3266,+40.9839890,-073.8024825
450,36,119,010200,1,361190102001,Block Group 1,G5030,S,368445,0,+40.9995286,-073.8751887
451,36,119,010200,2,361190102002,Block Group 2,G5030,S,468963,0,+40.9865025,-073.8678019
452,36,119,010200,3,361190102003,Block Group 3,G5030,S,608657,0,+40.9816946,-073.8740399
453,36,119,010200,4,361190102004,Block Group 4,G5030,S,599868,0,+40.9882416,-073.8755621
454,36,119,010200,5,361190102005,Block Group 5,G5030,S,1416951,0,+40.9949403,-073.8676632
455,36,119,010300,1,361190103001,Block Group 1,G5030,S,305555,0,+41.0004300,-073.8814992
456,36,119,010300,2,361190103002,Block Group 2,G5030,S,807902,0,+40.9842649,-073.8825604
457,36,119,010300,3,361190103003,Block Group 3,G5030,S,549254,2431182,+40.9913404,-073.8855628
458,36,119,010400,1,361190104001,Block Group 1,G5030,S,652431,0,+41.0186145,-073.8644595
459,36,119,010400,2,361190104002,Block Group 2,G5030,S,514166,0,+41.0184614,-073.8735570
460,36,119,010400,3,361190104003,Block Group 3,G5030,S,583899,1946439,+41.0108477,-073.8807156
461,36,119,010500,1,361190105001,Block Group 1,G5030,S,1216525,1772,+41.0206867,-073.8558570
462,36,119,010500,2,361190105002,Block Group 2,G5030,S,601213,0,+41.0093137,-073.8550249
463,36,119,010500,3,361190105003,Block Group 3,G5030,S,255608,0,+41.0119081,-073.8610266
464,36,119,010500,4,361190105004,Block Group 4,G5030,S,1606061,0,+41.0067852,-073.8645949
465,36,119,010500,5,361190105005,Block Group 5,G5030,S,844927,0,+41.0066628,-073.8743044
466,36,119,010600,1,361190106001,Block Group 1,G5030,S,1005803,0,+41.0191736,-073.8364652
467,36,119,010600,2,361190106002,Block Group 2,G5030,S,1197722,0,+41.0121707,-073.8353704
468,36,119,010600,3,361190106003,Block Group 3,G5030,S,1220043,0,+41.0100544,-073.8454545
469,36,119,010701,1,361190107011,Block Group 1,G5030,S,5046786,0,+40.9942919,-073.8481264
470,36,119,010701,2,361190107012,Block Group 2,G5030,S,1676356,67575,+40.9894120,-073.8327068
471,36,119,010701,3,361190107013,Block Group 3,G5030,S,1247568,0,+41.0033300,-073.8258416
472,36,119,010701,4,361190107014,Block Group 4,G5030,S,643509,0,+41.0001710,-073.8192451
473,36,119,010702,1,361190107021,Block Group 1,G5030,S,477779,0,+40.9932039,-073.8103052
474,36,119,010702,2,361190107022,Block Group 2,G5030,S,884390,0,+40.9925703,-073.8171743
475,36,119,010702,3,361190107023,Block Group 3,G5030,S,1470457,21290,+41.0036531,-073.8088704
476,36,119,010702,4,361190107024,Block Group 4,G5030,S,97626,0,+41.0148883,-073.7975303
477,36,119,010702,5,361190107025,Block Group 5,G5030,S,279380,0,+41.0120392,-073.8045371
478,36,119,010801,1,361190108011,Block Group 1,G5030,S,2015666,682,+41.0269972,-073.8128692
479,36,119,010801,2,361190108012,Block Group 2,G5030,S,2716101,0,+41.0137455,-073.8140977
480,36,119,010803,1,361190108031,Block Group 1,G5030,S,1987912,0,+41.0333585,-073.7990699
481,36,119,010803,2,361190108032,Block Group 2,G5030,S,820608,0,+41.0258587,-073.7968040
482,36,119,010804,1,361190108041,Block Group 1,G5030,S,847349,0,+41.0198965,-073.7911885
483,36,119,010804,2,361190108042,Block Group 2,G5030,S,194939,0,+41.0195683,-073.7952602
484,36,119,010901,1,361190109011,Block Group 1,G5030,S,3143597,0,+41.0613872,-073.7917758
485,36,119,010902,1,361190109021,Block Group 1,G5030,S,472638,0,+41.0609399,-073.7778115
486,36,119,010902,2,361190109022,Block Group 2,G5030,S,790806,6723,+41.0560738,-073.7814600
487,36,119,010902,3,361190109023,Block Group 3,G5030,S,1340032,6973,+41.0420328,-073.7848388
488,36,119,010902,4,361190109024,Block Group 4,G5030,S,942347,0,+41.0500406,-073.7810647
489,36,119,010903,1,361190109031,Block Group 1,G5030,S,369185,0,+41.0473798,-073.7966818
490,36,119,010903,2,361190109032,Block Group 2,G5030,S,409576,0,+41.0442644,-073.7969634
491,36,119,010903,3,361190109033,Block Group 3,G5030,S,540072,0,+41.0406766,-073.8135040
492,36,119,010903,4,361190109034,Block Group 4,G5030,S,935849,0,+41.0412550,-073.8034408
493,36,119,011000,1,361190110001,Block Group 1,G5030,S,1427567,0,+41.0633011,-073.8033379
494,36,119,011000,2,361190110002,Block Group 2,G5030,S,3449126,0,+41.0707731,-073.8193654
495,36,119,011101,1,361190111011,Block Group 1,G5030,S,6615556,14860,+41.0615200,-073.8395869
496,36,119,011101,2,361190111012,Block Group 2,G5030,S,204320,0,+41.0543777,-073.8244780
497,36,119,011101,3,361190111013,Block Group 3,G5030,S,1508492,5469,+41.0412344,-073.8228680
498,36,119,011101,4,361190111014,Block Group 4,G5030,S,985467,0,+41.0411712,-073.8313359
499,36,119,011102,1,361190111021,Block Group 1,G5030,S,1655191,0,+41.0306179,-073.8314023
500,36,119,011102,2,361190111022,Block Group 2,G5030,S,1106584,0,+41.0238224,-073.8295425
501,36,119,011200,1,361190112001,Block Group 1,G5030,S,350431,0,+41.0517175,-073.8197181
502,36,119,011200,2,361190112002,Block Group 2,G5030,S,1165301,0,+41.0512637,-073.8081636
503,36,119,011200,3,361190112003,Block Group 3,G5030,S,465134,0,+41.0563680,-073.8118607
504,36,119,011200,4,361190112004,Block Group 4,G5030,S,618208,0,+41.0576464,-073.8198616
505,36,119,011300,1,361190113001,Block Group 1,G5030,S,3025357,98283,+41.0393536,-073.8506014
506,36,119,011300,2,361190113002,Block Group 2,G5030,S,2029707,29748,+41.0291686,-073.8581226
507,36,119,011300,3,361190113003,Block Group 3,G5030,S,1225943,0,+41.0299732,-073.8718442
508,36,119,011300,4,361190113004,Block Group 4,G5030,S,249152,3213227,+41.0391402,-073.8740194
509,36,119,011300,5,361190113005,Block Group 5,G5030,S,695514,0,+41.0432064,-073.8679737
510,36,119,011401,1,361190114011,Block Group 1,G5030,S,1028310,0,+41.0737839,-073.8503564
511,36,119,011401,2,361190114012,Block Group 2,G5030,S,928450,358289,+41.0826591,-073.8485779
512,36,119,011401,3,361190114013,Block Group 3,G5030,S,390124,0,+41.0660255,-073.8491595
513,36,119,011401,4,361190114014,Block Group 4,G5030,S,524070,0,+41.0679417,-073.8563947
514,36,119,011402,1,361190114021,Block Group 1,G5030,S,2787591,3955986,+41.0502630,-073.8703190
515,36,119,011402,2,361190114022,Block Group 2,G5030,S,484906,0,+41.0624156,-073.8526846
516,36,119,011500,1,361190115001,Block Group 1,G5030,S,797036,2815814,+41.0771838,-073.8683180
517,36,119,011500,2,361190115002,Block Group 2,G5030,S,268388,0,+41.0697409,-073.8616536
518,36,119,011500,3,361190115003,Block Group 3,G5030,S,232949,0,+41.0778337,-073.8584642
519,36,119,011500,4,361190115004,Block Group 4,G5030,S,161184,0,+41.0783021,-073.8612502
520,36,119,011601,1,361190116011,Block Group 1,G5030,S,195018,0,+41.0848192,-073.8588987
521,36,119,011601,2,361190116012,Block Group 2,G5030,S,99793,0,+41.0824638,-073.8618421
522,36,119,011602,1,361190116021,Block Group 1,G5030,S,766190,3653885,+41.0882116,-073.8715396
523,36,119,011602,2,361190116022,Block Group 2,G5030,S,118179,0,+41.0820558,-073.8655622
524,36,119,011700,1,361190117001,Block Group 1,G5030,S,4196852,76832,+41.0954769,-073.8528396
525,36,119,011700,2,361190117002,Block Group 2,G5030,S,1301249,3269697,+41.0975142,-073.8696410
526,36,119,011800,1,361190118001,Block Group 1,G5030,S,1399045,0,+41.1415345,-073.8158652
527,36,119,011800,2,361190118002,Block Group 2,G5030,S,6524170,53198,+41.1464774,-073.8064766
528,36,119,011800,3,361190118003,Block Group 3,G5030,S,15082897,4320840,+41.1098996,-073.8436548
529,36,119,011800,4,361190118004,Block Group 4,G5030,S,3864731,15680,+41.1216886,-073.7994045
530,36,119,011800,5,361190118005,Block Group 5,G5030,S,1971670,0,+41.1471452,-073.7919584
531,36,119,011902,1,361190119021,Block Group 1,G5030,S,4354281,28611,+41.0926190,-073.7871788
532,36,119,011902,2,361190119022,Block Group 2,G5030,S,2538574,6664,+41.0758665,-073.7866609
533,36,119,011902,3,361190119023,Block Group 3,G5030,S,687617,0,+41.0690248,-073.7754740
534,36,119,012000,1,361190120001,Block Group 1,G5030,S,1949408,0,+41.1024127,-073.8035626
535,36,119,012000,2,361190120002,Block Group 2,G5030,S,1992354,10073,+41.1050480,-073.7831619
536,36,119,012000,3,361190120003,Block Group 3,G5030,S,368984,0,+41.1082464,-073.7935671
537,36,119,012101,1,361190121011,Block Group 1,G5030,S,2783347,1435,+41.1254076,-073.7497022
538,36,119,012101,2,361190121012,Block Group 2,G5030,S,2609071,40185,+41.1376759,-073.7627184
539,36,119,012101,3,361190121013,Block Group 3,G5030,S,5053368,2401411,+41.1017898,-073.7602335
540,36,119,012102,1,361190121021,Block Group 1,G5030,S,534134,0,+41.1152650,-073.7872655
541,36,119,012102,2,361190121022,Block Group 2,G5030,S,1585836,0,+41.1157049,-073.7784158
542,36,119,012102,3,361190121023,Block Group 3,G5030,S,2083692,0,+41.1243398,-073.7709533
543,36,119,012201,1,361190122011,Block Group 1,G5030,S,793874,0,+41.1482937,-073.7799001
544,36,119,012201,2,361190122012,Block Group 2,G5030,S,658420,0,+41.1354562,-073.7818623
545,36,119,012201,3,361190122013,Block Group 3,G5030,S,1132423,6261,+41.1372319,-073.7745832
546,36,119,012202,1,361190122021,Block Group 1,G5030,S,674456,0,+41.1412002,-073.7865282
547,36,119,012202,2,361190122022,Block Group 2,G5030,S,321894,0,+41.1301024,-073.7816676
548,36,119,012202,3,361190122023,Block Group 3,G5030,S,843236,0,+41.1320830,-073.7939732
549,36,119,012202,4,361190122024,Block Group 4,G5030,S,374412,0,+41.1354378,-073.7899244
550,36,119,012301,1,361190123011,Block Group 1,G5030,S,1109349,0,+41.0633426,-073.7690087
551,36,119,012301,2,361190123012,Block Group 2,G5030,S,2744076,1465554,+41.0759867,-073.7561411
552,36,119,012303,1,361190123031,Block Group 1,G5030,S,4314465,3215,+41.1390825,-073.7186955
553,36,119,012303,2,361190123032,Block Group 2,G5030,S,6814459,313087,+41.1530012,-073.7106466
554,36,119,012303,3,361190123033,Block Group 3,G5030,S,15364760,3637572,+41.1110919,-073.7258657
555,36,119,012304,1,361190123041,Block Group 1,G5030,S,2822908,180231,+41.1506934,-073.6700140
556,36,119,012304,2,361190123042,Block Group 2,G5030,S,7565973,380884,+41.1352710,-073.6827731
557,36,119,012304,3,361190123043,Block Group 3,G5030,S,20737655,355489,+41.1665127,-073.6387353
558,36,119,012400,1,361190124001,Block Group 1,G5030,S,23840270,1216750,+41.2338760,-073.5842204
559,36,119,012400,2,361190124002,Block Group 2,G5030,S,11934950,240497,+41.1732080,-073.5935877
560,36,119,012400,3,361190124003,Block Group 3,G5030,S,22007642,557198,+41.2003182,-073.5589459
561,36,119,012501,1,361190125011,Block Group 1,G5030,S,8108202,72310,+41.2975712,-073.6361217
562,36,119,012501,2,361190125012,Block Group 2,G5030,S,7527593,1494314,+41.2836077,-073.6721749
563,36,119,012502,1,361190125021,Block Group 1,G5030,S,6444529,1005381,+41.2938197,-073.5730467
564,36,119,012502,2,361190125022,Block Group 2,G5030,S,8098923,378913,+41.2782210,-073.5653856
565,36,119,012502,3,361190125023,Block Group 3,G5030,S,22096571,182584,+41.2637508,-073.6085058
566,36,119,012503,1,361190125031,Block Group 1,G5030,S,8622298,244912,+41.2310915,-073.5249290
567,36,119,012503,2,361190125032,Block Group 2,G5030,S,11013948,308051,+41.2263131,-073.5043023
568,36,119,012600,1,361190126001,Block Group 1,G5030,S,15218437,3570278,+41.2482206,-073.6407729
569,36,119,012600,2,361190126002,Block Group 2,G5030,S,6146610,90157,+41.2647217,-073.6697455
570,36,119,012600,3,361190126003,Block Group 3,G5030,S,1880768,252505,+41.2617646,-073.6907964
571,36,119,012600,4,361190126004,Block Group 4,G5030,S,1043185,0,+41.2505515,-073.6893298
572,36,119,012600,5,361190126005,Block Group 5,G5030,S,2945253,137715,+41.2530901,-073.6706976
573,36,119,012700,1,361190127001,Block Group 1,G5030,S,10638469,200748,+41.2138456,-073.6237848
574,36,119,012700,2,361190127002,Block Group 2,G5030,S,7858657,64998,+41.1896515,-073.6385094
575,36,119,012700,3,361190127003,Block Group 3,G5030,S,7195436,93296,+41.2008156,-073.6565403
576,36,119,012700,4,361190127004,Block Group 4,G5030,S,16982654,501954,+41.1874435,-073.7014333
577,36,119,012803,1,361190128031,Block Group 1,G5030,S,8117758,445611,+41.2342491,-073.7252111
578,36,119,012803,2,361190128032,Block Group 2,G5030,S,3100026,228898,+41.2572179,-073.7068334
579,36,119,012803,3,361190128033,Block Group 3,G5030,S,532182,0,+41.2435984,-073.6946189
580,36,119,012804,1,361190128041,Block Group 1,G5030,S,12178306,88584,+41.2255047,-073.6922316
581,36,119,012804,2,361190128042,Block Group 2,G5030,S,1104348,0,+41.2304322,-073.7088658
582,36,119,012804,3,361190128043,Block Group 3,G5030,S,1478747,0,+41.2399841,-073.6858755
583,36,119,012900,1,361190129001,Block Group 1,G5030,S,493555,8215,+41.2051943,-073.7306847
584,36,119,012900,2,361190129002,Block Group 2,G5030,S,566126,0,+41.2143930,-073.7246523
585,36,119,012900,3,361190129003,Block Group 3,G5030,S,382724,0,+41.2021930,-073.7276145
586,36,119,013000,1,361190130001,Block Group 1,G5030,S,544967,0,+41.2171160,-073.7190728
587,36,119,013000,2,361190130002,Block Group 2,G5030,S,2282078,9739,+41.1960319,-073.7182381
588,36,119,013000,3,361190130003,Block Group 3,G5030,S,1397965,53687,+41.2115404,-073.7341520
589,36,119,013000,4,361190130004,Block Group 4,G5030,S,364896,0,+41.1954527,-073.7282642
590,36,119,013000,5,361190130005,Block Group 5,G5030,S,1845000,7276,+41.1917892,-073.7371259
591,36,119,013102,1,361190131021,Block Group 1,G5030,S,10824142,159291,+41.1620024,-073.7266564
592,36,119,013102,2,361190131022,Block Group 2,G5030,S,1417377,0,+41.1604898,-073.7681173
593,36,119,013102,3,361190131023,Block Group 3,G5030,S,3588841,62285,+41.1576687,-073.7556382
594,36,119,013102,4,361190131024,Block Group 4,G5030,S,4436941,2177,+41.1721793,-073.7455434
595,36,119,013103,1,361190131031,Block Group 1,G5030,S,8840234,41616,+41.1865856,-073.7872072
596,36,119,013103,2,361190131032,Block Group 2,G5030,S,13106209,208036,+41.1934234,-073.8216111
597,36,119,013104,1,361190131041,Block Group 1,G5030,S,4497947,403748,+41.2270185,-073.7540774
598,36,119,013104,2,361190131042,Block Group 2,G5030,S,2430452,7103,+41.1857972,-073.7672833
599,36,119,013104,3,361190131043,Block Group 3,G5030,S,7303000,18876,+41.1992596,-073.7611071
600,36,119,013104,4,361190131044,Block Group 4,G5030,S,3378549,11115,+41.1697047,-073.7832984
601,36,119,013201,1,361190132011,Block Group 1,G5030,S,3402030,8626,+41.1394720,-073.8357041
602,36,119,013201,2,361190132012,Block Group 2,G5030,S,7269151,2159091,+41.1328522,-073.8498630
603,36,119,013202,1,361190132021,Block Group 1,G5030,S,1527326,0,+41.1537817,-073.8275528
604,36,119,013202,2,361190132022,Block Group 2,G5030,S,1930446,0,+41.1563054,-073.8451016
605,36,119,013301,1,361190133011,Block Group 1,G5030,S,354526,0,+41.1637994,-073.8646720
606,36,119,013301,2,361190133012,Block Group 2,G5030,S,431072,1769014,+41.1583129,-073.8703996
607,36,119,013304,1,361190133041,Block Group 1,G5030,S,259657,0,+41.1473125,-073.8674935
608,36,119,013304,2,361190133042,Block Group 2,G5030,S,340157,0,+41.1539348,-073.8621376
609,36,119,013304,3,361190133043,Block Group 3,G5030,S,615271,2713320,+41.1443813,-073.8685795
610,36,119,013401,1,361190134011,Block Group 1,G5030,S,119828,0,+41.1542791,-073.8584994
611,36,119,013401,2,361190134012,Block Group 2,G5030,S,170771,0,+41.1480526,-073.8588132
612,36,119,013401,3,361190134013,Block Group 3,G5030,S,332598,0,+41.1586263,-073.8574999
613,36,119,013402,1,361190134021,Block Group 1,G5030,S,491763,11769,+41.1652498,-073.8415178
614,36,119,013402,2,361190134022,Block Group 2,G5030,S,360440,0,+41.1638523,-073.8502573
615,36,119,013402,3,361190134023,Block Group 3,G5030,S,333087,0,+41.1639520,-073.8560506
616,36,119,013500,1,361190135001,Block Group 1,G5030,S,1053825,0,+41.1737363,-073.8407586
617,36,119,013500,2,361190135002,Block Group 2,G5030,S,309649,0,+41.1696850,-073.8458592
618,36,119,013500,3,361190135003,Block Group 3,G5030,S,296193,0,+41.1695161,-073.8520733
619,36,119,013600,1,361190136001,Block Group 1,G5030,S,355612,0,+41.1686698,-073.8572634
620,36,119,013600,2,361190136002,Block Group 2,G5030,S,521867,0,+41.1714423,-073.8630510
621,36,119,013600,3,361190136003,Block Group 3,G5030,S,1591976,4017035,+41.1667993,-073.8710932
622,36,119,013700,1,361190137001,Block Group 1,G5030,S,2656588,75311,+41.1907053,-073.8624371
623,36,119,013700,2,361190137002,Block Group 2,G5030,S,2672758,9968,+41.1682876,-073.8259737
624,36,119,013700,3,361190137003,Block Group 3,G5030,S,2327098,7523,+41.1778564,-073.8502033
625,36,119,013800,1,361190138001,Block Group 1,G5030,S,551523,0,+41.2056803,-073.8799617
626,36,119,013800,2,361190138002,Block Group 2,G5030,S,1707846,2081826,+41.1907637,-073.8810453
627,36,119,013800,3,361190138003,Block Group 3,G5030,S,487158,6275,+41.1995197,-073.8811806
628,36,119,013900,1,361190139001,Block Group 1,G5030,S,880126,0,+41.2169020,-073.8751865
629,36,119,013900,2,361190139002,Block Group 2,G5030,S,541918,0,+41.2042754,-073.8861405
630,36,119,013900,3,361190139003,Block Group 3,G5030,S,369946,0,+41.2100035,-073.8937206
631,36,119,013900,4,361190139004,Block Group 4,G5030,S,7617179,13608167,+41.2096524,-073.9011520
632,36,119,014000,1,361190140001,Block Group 1,G5030,S,2897858,865561,+41.2665911,-073.9496835
633,36,119,014000,2,361190140002,Block Group 2,G5030,S,768207,0,+41.2583402,-073.9365738
634,36,119,014100,1,361190141001,Block Group 1,G5030,S,982585,20273,+41.2782997,-073.9218921
635,36,119,014100,2,361190141002,Block Group 2,G5030,S,452967,0,+41.2738306,-073.9306111
636,36,119,014100,3,361190141003,Block Group 3,G5030,S,1418564,2582476,+41.2785540,-073.9383443
637,36,119,014100,4,361190141004,Block Group 4,G5030,S,180181,0,+41.2869230,-073.9272248
638,36,119,014100,5,361190141005,Block Group 5,G5030,S,202700,0,+41.2872277,-073.9232217
639,36,119,014200,1,361190142001,Block Group 1,G5030,S,163902,0,+41.2951680,-073.9214306
640,36,119,014200,2,361190142002,Block Group 2,G5030,S,1335951,516098,+41.2925303,-073.9319670
641,36,119,014200,3,361190142003,Block Group 3,G5030,S,564231,0,+41.3031984,-073.9182578
642,36,119,014300,1,361190143001,Block Group 1,G5030,S,215851,0,+41.2921836,-073.9201081
643,36,119,014300,2,361190143002,Block Group 2,G5030,S,376206,0,+41.2919415,-073.9096274
644,36,119,014300,3,361190143003,Block Group 3,G5030,S,130709,0,+41.2899814,-073.9188271
645,36,119,014400,1,361190144001,Block Group 1,G5030,S,727050,39584,+41.3018807,-073.9054656
646,36,119,014400,2,361190144002,Block Group 2,G5030,S,750334,0,+41.2970029,-073.9129598
647,36,119,014400,3,361190144003,Block Group 3,G5030,S,1033292,4040,+41.2981421,-073.8980423
648,36,119,014500,1,361190145001,Block Group 1,G5030,S,313673,0,+41.2880037,-073.9135227
649,36,119,014500,2,361190145002,Block Group 2,G5030,S,1258298,12660,+41.2794896,-073.9144995
650,36,119,014500,3,361190145003,Block Group 3,G5030,S,565626,1988,+41.2838493,-073.9047342
651,36,119,014500,4,361190145004,Block Group 4,G5030,S,261174,0,+41.2886643,-073.9038436
652,36,119,014500,5,361190145005,Block Group 5,G5030,S,317867,0,+41.2917748,-073.9003550
653,36,119,014604,1,361190146041,Block Group 1,G5030,S,2294719,4572,+41.2457000,-073.9329087
654,36,119,014604,2,361190146042,Block Group 2,G5030,S,1591082,3955846,+41.2442109,-073.9490103
655,36,119,014604,3,361190146043,Block Group 3,G5030,S,1558511,149079,+41.2559808,-073.9594681
656,36,119,014605,1,361190146051,Block Group 1,G5030,S,986289,3837,+41.2373065,-073.9224389
657,36,119,014605,2,361190146052,Block Group 2,G5030,S,1832653,61624,+41.2290846,-073.8861590
658,36,119,014605,3,361190146053,Block Group 3,G5030,S,1161989,1475537,+41.2254295,-073.9227120
659,36,119,014606,1,361190146061,Block Group 1,G5030,S,10618025,127886,+41.2613738,-073.9022643
660,36,119,014606,2,361190146062,Block Group 2,G5030,S,4564285,133298,+41.2490046,-073.8967429
661,36,119,014606,3,361190146063,Block Group 3,G5030,S,10703714,1094018,+41.2525447,-073.8724042
662,36,119,014606,4,361190146064,Block Group 4,G5030,S,10823455,1075881,+41.2213513,-073.8605161
663,36,119,014607,1,361190146071,Block Group 1,G5030,S,2194708,17465,+41.2843677,-073.8931325
664,36,119,014607,2,361190146072,Block Group 2,G5030,S,3709923,33651,+41.2811923,-073.8743918
665,36,119,014607,3,361190146073,Block Group 3,G5030,S,2160806,8015,+41.2832586,-073.8617230
666,36,119,014701,1,361190147011,Block Group 1,G5030,S,14036689,1593231,+41.3115640,-073.9470201
667,36,119,014701,2,361190147012,Block Group 2,G5030,S,1875989,43508,+41.3258615,-073.8988976
668,36,119,014701,3,361190147013,Block Group 3,G5030,S,1779310,0,+41.3092389,-073.9052392
669,36,119,014701,4,361190147014,Block Group 4,G5030,S,2113450,0,+41.2982953,-073.8857820
670,36,119,014703,1,361190147031,Block Group 1,G5030,S,2689401,0,+41.3188132,-073.8712890
671,36,119,014703,2,361190147032,Block Group 2,G5030,S,1372683,0,+41.3291525,-073.8710742
672,36,119,014703,3,361190147033,Block Group 3,G5030,S,1239640,33605,+41.3073296,-073.8833601
673,36,119,014703,4,361190147034,Block Group 4,G5030,S,1645992,0,+41.3244066,-073.8871101
674,36,119,014704,1,361190147041,Block Group 1,G5030,S,4267147,85774,+41.3033025,-073.8737265
675,36,119,014805,1,361190148051,Block Group 1,G5030,S,6280014,51123,+41.2952646,-073.8399627
676,36,119,014805,2,361190148052,Block Group 2,G5030,S,31416986,4228786,+41.2346584,-073.8160358
677,36,119,014806,1,361190148061,Block Group 1,G5030,S,1979210,1105,+41.3253967,-073.8113242
678,36,119,014806,2,361190148062,Block Group 2,G5030,S,1818095,0,+41.3161830,-073.8205828
679,36,119,014806,3,361190148063,Block Group 3,G5030,S,1551207,0,+41.3038183,-073.8045842
680,36,119,014806,4,361190148064,Block Group 4,G5030,S,2084665,0,+41.3014911,-073.8155125
681,36,119,014806,5,361190148065,Block Group 5,G5030,S,2805779,156547,+41.3374097,-073.8008172
682,36,119,014808,1,361190148081,Block Group 1,G5030,S,1751571,18862,+41.2931558,-073.7782838
683,36,119,014808,2,361190148082,Block Group 2,G5030,S,7323628,622342,+41.2867445,-073.8004773
684,36,119,014809,1,361190148091,Block Group 1,G5030,S,1931396,8652,+41.2807611,-073.7721456
685,36,119,014809,2,361190148092,Block Group 2,G5030,S,808538,0,+41.2738035,-073.7859033
686,36,119,014809,3,361190148093,Block Group 3,G5030,S,7817564,308311,+41.2506676,-073.7984885
687,36,119,014809,4,361190148094,Block Group 4,G5030,S,8287734,641520,+41.2456262,-073.7776720
688,36,119,014810,1,361190148101,Block Group 1,G5030,S,1269239,15408,+41.3227653,-073.7947681
689,36,119,014810,2,361190148102,Block Group 2,G5030,S,435908,61,+41.3212684,-073.8017399
690,36,119,014811,1,361190148111,Block Group 1,G5030,S,1427320,0,+41.3091500,-073.7966276
691,36,119,014811,2,361190148112,Block Group 2,G5030,S,1308917,0,+41.3240552,-073.7873450
692,36,119,014811,3,361190148113,Block Group 3,G5030,S,1384162,74741,+41.3060913,-073.7872452
693,36,119,014811,4,361190148114,Block Group 4,G5030,S,1959141,0,+41.3219704,-073.7801458
694,36,119,014812,1,361190148121,Block Group 1,G5030,S,1536826,65053,+41.3354717,-073.8293315
695,36,119,014812,2,361190148122,Block Group 2,G5030,S,2550667,4099,+41.3136227,-073.8304985
696,36,119,014812,3,361190148123,Block Group 3,G5030,S,4037713,69346,+41.3130397,-073.8427105
697,36,119,014813,1,361190148131,Block Group 1,G5030,S,1573986,426411,+41.3117756,-073.8535709
698,36,119,014813,2,361190148132,Block Group 2,G5030,S,1865730,5053,+41.3298931,-073.8531618
699,36,119,014901,1,361190149011,Block Group 1,G5030,S,7871568,803307,+41.3212765,-073.6757287
700,36,119,014901,2,361190149012,Block Group 2,G5030,S,11084704,852595,+41.3010708,-073.7058603
701,36,119,014901,3,361190149013,Block Group 3,G5030,S,8437397,9437,+41.2918366,-073.7274107
702,36,119,014901,4,361190149014,Block Group 4,G5030,S,16395442,2179558,+41.2629427,-073.7332968
703,36,119,014903,1,361190149031,Block Group 1,G5030,S,3663411,39271,+41.3295643,-073.7065760
704,36,119,014903,2,361190149032,Block Group 2,G5030,S,2904468,43046,+41.3415659,-073.7087202
705,36,119,014907,1,361190149071,Block Group 1,G5030,S,2103044,89210,+41.3353208,-073.7266981
706,36,119,014907,2,361190149072,Block Group 2,G5030,S,4189019,112082,+41.3266214,-073.7342104
707,36,119,014907,3,361190149073,Block Group 3,G5030,S,1098489,6297,+41.3321123,-073.7439395
708,36,119,014908,1,361190149081,Block Group 1,G5030,S,5279577,2352145,+41.3037043,-073.7541728
709,36,119,014908,2,361190149082,Block Group 2,G5030,S,8956480,20364,+41.3211687,-073.7699399
710,36,119,014909,1,361190149091,Block Group 1,G5030,S,3874694,87266,+41.3454104,-073.6780745
711,36,119,014909,2,361190149092,Block Group 2,G5030,S,491078,40328,+41.3310738,-073.6912968
712,36,119,014909,3,361190149093,Block Group 3,G5030,S,563052,8522,+41.3381961,-073.6876971
713,36,119,015000,1,361190150001,Block Group 1,G5030,S,16768146,197797,+41.3416289,-073.6290005
714,36,119,015000,2,361190150002,Block Group 2,G5030,S,1343518,430876,+41.3573015,-073.5808414
715,36,119,015000,3,361190150003,Block Group 3,G5030,S,16332119,3260308,+41.3169227,-073.6410136
716,36,119,015000,4,361190150004,Block Group 4,G5030,S,20900820,177534,+41.3362858,-073.5614290
717,36,119,015100,1,361190151001,Block Group 1,G5030,S,568582,0,+40.9264669,-073.8173669
718,36,119,015100,2,361190151002,Block Group 2,G5030,S,724303,0,+40.9289936,-073.8256577
719,36,119,015100,3,361190151003,Block Group 3,G5030,S,281485,0,+40.9282351,-073.8317357
720,36,119,015100,4,361190151004,Block Group 4,G5030,S,739101,0,+40.9220338,-073.8127949
721,36,119,981000,1,361199810001,Block Group 1,G5030,S,4219128,0,+41.0843108,-073.8105178
722,36,119,982000,1,361199820001,Block Group 1,G5030,S,264916,0,+41.1513369,-073.8684937
723,36,119,983000,1,361199830001,Block Group 1,G5030,S,725070,0,+41.2418334,-073.6780148
724,36,119,984000,1,361199840001,Block Group 1,G5030,S,930438,1455946,+41.2329728,-073.9376072
725,36,119,985000,1,361199850001,Block Group 1,G5030,S,1872001,0,+41.0463609,-073.7001900
