OBJECTID_1,STATEFP20,COUNTYFP20,TRACTCE20,GEOID20,NAME20,NAMELSAD20,MTFCC20,FUNCSTAT20,ALAND20,AWATER20,INTPTLAT20,INTPTLON20,TRACTCE20_R,TOTPOP,HISPLAT,NOTHISPLAT,POPONERACE,WHALONE,BAAALONE,AIANALONE,ASIANALONE,NHOPIALONE,OTHERALONE,POP2PLUSRACE,POP2RACESONLY,WBAA,WAIAN,WASIAN,WNH,WOTHER,BAAAIAN,BAAASIAN,BAANHOPI,BAAOTHER,AIANASIAN,AIANNHOPI,AIANOTHER,ASIANNHOPI,ASIANOTHER,NHOPIOTHER,POP3RACES,WBAAAIAN,WBAAASIAN,WBAANHOPI,WBAAOTHER,WAIANASIAN,WAIANNHOPI,WAIANOTHER,WASIANNHOPI,WASIANOTHER,WNHOPIOTHER,BAAAIANASIAN,BAAAIANNHOPI,BAAAIANOTHER,BAAASIANNHOPI,BAAASIANOTHER,BAANHOPIOTHER,AIANASIANNHOPI,AIANASIANOTHER,AIANNHOPIOTHER,ASIANNHOPIOTHER,POP4RACES,WBAAAIANASIAN,WBAAAIANNHOPI,WBAAAIANOTHER,WBAAASIANNHOPI,WBAAASIANOTHER,WBAANHOPIOTHER,WAIANASIANNHOPI,WAIANASIANOTHER,WAIANNHOPIOTHER,WASIANNHOPIOTHER,BAAAIANASIANNHOPI,BAAAIANASIANOTHER,BAAAIANNHOPIOTHER,BAAASIANNHOPIOTHER,AIANASIANNHOPIOTHER,POP5RACES,WBAAAIANASIANNHOPI,WBAAAIANASIANOTHER,WBAAAIANNHOPIOTHER,WBAAASIANNHOPIOTHER,WAIANASIANNHOPIOTHER,BAAAIANASIANNHOPIOTHER,POP6RACES,WBAAAIANASIANNHOPIOTHER,OBJECTID,PREDOMRACE,SQUAREMILES,PERSONSPERSQM,ACRES,PERSONSPERACRE,SHAPEAREA,SHAPELEN
1,36,119,001402,36119001402,14.02,Census Tract,G5020,S,653156,0,+40.9168241,-073.8756458,001402,2003,397,1606,1559,1292,86,0,161,1,19,47,41,11,0,5,1,9,0,4,1,9,0,0,0,0,1,0,4,0,0,0,4,0,0,0,0,0,0,0,0,0,0,0,0,0,0,0,0,2,2,0,0,0,0,0,0,0,0,0,0,0,0,0,0,0,0,0,0,0,0,0,0,0,31,"White Alone, not Hispanic",0.25215052,7943.66792905,161.37633286,12.41198114,7029553.05930492,13588.8386818614
2,36,119,001403,36119001403,14.03,Census Tract,G5020,S,445380,0,+40.9103700,-073.8813686,001403,3353,1238,2115,2035,1461,276,11,258,0,29,80,78,26,8,9,0,14,1,10,1,9,0,0,0,0,0,0,1,0,1,0,0,0,0,0,0,0,0,0,0,0,0,0,0,0,0,0,0,0,0,0,0,0,0,0,0,0,0,0,0,0,0,0,0,1,1,0,0,0,0,0,0,0,32,"White Alone, not Hispanic",0.17193869,19501.13778542,110.04075882,30.47052779,4793375.45411276,11911.8291022809
3,36,119,001502,36119001502,15.02,Census Tract,G5020,S,434911,0,+40.9042331,-073.8619505,001502,3189,733,2456,2374,1899,263,13,171,0,28,82,71,7,4,30,6,2,4,5,0,3,0,0,0,1,9,0,10,6,0,0,0,2,0,0,0,1,0,0,0,0,0,1,0,0,0,0,0,1,0,0,1,0,0,0,0,0,0,0,0,0,0,0,0,0,0,0,0,0,0,0,0,0,33,"White Alone, not Hispanic",0.16789807,18993.6663148,107.4547676,29.67760362,4680729.67667212,10188.7440432378
4,36,119,001503,36119001503,15.03,Census Tract,G5020,S,775771,355475,+40.9086985,-073.8703224,001503,3167,618,2549,2514,2247,106,0,146,0,15,35,32,4,0,15,2,9,0,0,0,2,0,0,0,0,0,0,3,0,1,2,0,0,0,0,0,0,0,0,0,0,0,0,0,0,0,0,0,0,0,0,0,0,0,0,0,0,0,0,0,0,0,0,0,0,0,0,0,0,0,0,0,0,34,"White Alone, not Hispanic",0.43671864,7251.80862178,279.49992967,11.33095097,12175016.9362362,17272.6441938113
5,36,119,001504,36119001504,15.04,Census Tract,G5020,S,1182546,0,+40.9132127,-073.8620694,001504,5020,1354,3666,3539,2810,377,10,306,2,34,127,115,21,12,33,0,24,1,3,5,0,0,0,0,0,13,3,12,3,0,0,5,1,0,0,0,1,0,0,0,0,0,2,0,0,0,0,0,0,0,0,0,0,0,0,0,0,0,0,0,0,0,0,0,0,0,0,0,0,0,0,0,0,35,"White Alone, not Hispanic",0.45652311,10996.15736532,292.17479278,17.18149589,12727133.9734739,15969.9900864474
6,36,119,001505,36119001505,15.05,Census Tract,G5020,S,238964,0,+40.9109538,-073.8539552,001505,2194,736,1458,1415,815,444,2,133,0,21,43,41,14,0,3,0,9,1,2,3,3,0,0,0,0,6,0,1,0,0,0,0,0,0,0,1,0,0,0,0,0,0,0,0,0,0,0,0,1,0,0,0,0,1,0,0,0,0,0,0,0,0,0,0,0,0,0,0,0,0,0,0,0,36,"White Alone, not Hispanic",0.09225153,23782.80217036,59.04098221,37.1606284,2571825.18501721,9578.051881148
7,36,119,001600,36119001600,16,Census Tract,G5020,S,1929300,0,+40.9429085,-073.8756218,001600,4105,2026,2079,1971,1313,482,5,152,0,19,108,95,17,1,31,2,14,0,8,0,19,0,0,2,0,1,0,12,8,1,0,0,0,0,0,0,2,0,0,0,0,1,0,0,0,0,0,0,1,1,0,0,0,0,0,0,0,0,0,0,0,0,0,0,0,0,0,0,0,0,0,0,0,37,Hispanic or Latino,0.74480597,5511.50257273,476.67581843,8.61172277,20763998.6509873,27836.3559152982
8,36,119,001701,36119001701,17.01,Census Tract,G5020,S,756780,0,+40.9492845,-073.8692896,001701,3913,1522,2391,2290,1787,269,7,187,1,39,101,89,21,8,6,0,21,1,2,0,24,4,0,0,0,2,0,12,8,1,2,1,0,0,0,0,0,0,0,0,0,0,0,0,0,0,0,0,0,0,0,0,0,0,0,0,0,0,0,0,0,0,0,0,0,0,0,0,0,0,0,0,0,38,"White Alone, not Hispanic",0.29215592,13393.5330156,186.97979068,20.92739534,8144839.68186691,13897.5684984794
9,36,119,001702,36119001702,17.02,Census Tract,G5020,S,1345026,0,+40.9490085,-073.8597547,001702,3125,816,2309,2239,1873,131,0,215,0,20,70,63,17,0,21,0,16,0,0,1,3,0,0,0,1,4,0,4,0,0,0,0,0,0,0,0,3,0,0,0,1,0,0,0,0,0,0,0,3,0,0,1,0,1,0,1,0,0,0,0,0,0,0,0,0,0,0,0,0,0,0,0,0,39,"White Alone, not Hispanic",0.51924942,6018.30228795,332.31963169,9.40359733,14475843.1564751,21929.5623215733
10,36,119,001800,36119001800,18,Census Tract,G5020,S,469197,0,+40.9585957,-073.8667199,001800,1803,681,1122,1068,192,755,0,91,1,29,54,51,13,2,9,0,5,3,3,1,11,0,0,0,0,4,0,3,0,0,1,0,0,0,0,0,0,0,0,0,0,0,2,0,0,0,0,0,0,0,0,0,0,0,0,0,0,0,0,0,0,0,0,0,0,0,0,0,0,0,0,0,0,40,"Black or African American Alone, not Hispanic",0.18113479,9953.91310657,115.92626814,15.55298923,5049748.24024434,10275.9142207049
11,36,119,001900,36119001900,19,Census Tract,G5020,S,669511,0,+40.9645839,-073.8659675,001900,1753,494,1259,1201,879,130,0,172,0,20,58,56,9,3,30,0,2,4,0,1,2,0,0,0,0,5,0,2,0,0,0,1,0,0,0,0,1,0,0,0,0,0,0,0,0,0,0,0,0,0,0,0,0,0,0,0,0,0,0,0,0,0,0,0,0,0,0,0,0,0,0,0,0,41,"White Alone, not Hispanic",0.25846629,6782.3158059,165.4184252,10.59736845,7205626.60192774,16179.8608173554
12,36,119,002000,36119002000,20,Census Tract,G5020,S,4805772,627991,+40.9729901,-073.8543255,002000,4545,1119,3426,3374,2474,242,0,616,0,42,52,48,11,4,10,0,9,3,1,3,6,0,0,0,0,1,0,2,0,1,0,0,0,0,1,0,0,0,0,0,0,0,0,0,0,0,0,0,2,0,0,2,0,0,0,0,0,0,0,0,0,0,0,0,0,0,0,0,0,0,0,0,0,42,"White Alone, not Hispanic",2.0977121,2166.64622879,1342.53574071,3.38538473,58480856.8652054,33264.1006683577
13,36,119,002101,36119002101,21.01,Census Tract,G5020,S,1112514,0,+40.9776596,-073.8348270,002101,4035,1040,2995,2909,1936,458,3,484,0,28,86,76,15,5,11,0,24,7,2,2,4,0,0,0,3,3,0,9,2,0,0,7,0,0,0,0,0,0,0,0,0,0,0,0,0,0,0,0,0,0,0,0,0,0,0,0,0,0,0,0,0,0,0,0,1,0,1,0,0,0,0,0,0,43,"White Alone, not Hispanic",0.42948897,9394.88630835,274.87293778,14.67950986,11973465.1696064,22219.0367818494
14,36,119,000101,36119000101,1.01,Census Tract,G5020,S,255902,0,+40.9263585,-073.8981556,000101,5731,4186,1545,1468,225,1073,5,101,0,64,77,70,30,5,3,0,5,15,3,0,7,0,0,0,0,2,0,5,1,0,0,2,0,0,0,0,0,0,0,1,0,0,0,1,0,0,0,0,0,0,0,0,0,0,0,0,0,0,0,0,0,0,0,0,2,1,1,0,0,0,0,0,0,1,Hispanic or Latino,0.09879078,58011.48577083,63.22609998,90.64294653,2754128.91527075,6800.92941824926
15,36,119,000103,36119000103,1.03,Census Tract,G5020,S,350777,0,+40.9293652,-073.9022180,000103,5850,3076,2774,2657,321,2079,17,176,6,58,117,99,46,0,4,1,5,15,5,0,16,0,0,0,2,5,0,18,17,0,0,0,0,0,0,0,1,0,0,0,0,0,0,0,0,0,0,0,0,0,0,0,0,0,0,0,0,0,0,0,0,0,0,0,0,0,0,0,0,0,0,0,0,2,Hispanic or Latino,0.13541719,43199.83338223,86.66700092,67.49973967,3775214.5601089,9886.40966901713
16,36,119,000104,36119000104,1.04,Census Tract,G5020,S,151708,808783,+40.9287188,-073.9049967,000104,1016,349,667,625,274,268,3,71,0,9,42,38,9,1,16,0,6,3,0,1,1,0,0,0,1,0,0,4,2,0,0,0,0,0,0,0,0,0,1,0,1,0,0,0,0,0,0,0,0,0,0,0,0,0,0,0,0,0,0,0,0,0,0,0,0,0,0,0,0,0,0,0,0,3,Hispanic or Latino,0.37079445,2740.06256082,237.30845026,4.28134775,10337156.0932165,13679.9271851498
17,36,119,000202,36119000202,2.02,Census Tract,G5020,S,522565,410704,+40.9213113,-073.9085756,000202,3905,2144,1761,1675,668,802,1,158,1,45,86,77,18,5,21,0,19,3,3,0,6,0,1,0,1,0,0,9,2,1,0,0,0,0,0,0,0,0,0,0,6,0,0,0,0,0,0,0,0,0,0,0,0,0,0,0,0,0,0,0,0,0,0,0,0,0,0,0,0,0,0,0,0,4,Hispanic or Latino,0.36028584,10838.6164041,230.58293665,16.93533813,10044192.7204458,14149.9957265671
18,36,119,000203,36119000203,2.03,Census Tract,G5020,S,472670,178986,+40.9163028,-073.9076863,000203,3365,1589,1776,1698,1117,397,2,153,0,29,78,71,18,1,14,0,22,9,0,0,3,0,0,0,0,2,2,4,2,2,0,0,0,0,0,0,0,0,0,0,0,0,0,0,0,0,0,0,1,0,0,0,0,0,0,1,0,0,0,0,0,0,0,0,2,0,2,0,0,0,0,0,0,5,Hispanic or Latino,0.25156858,13376.07415585,161.00389207,20.90011587,7013329.53861815,14989.0314417439
19,36,119,000204,36119000204,2.04,Census Tract,G5020,S,187850,0,+40.9217813,-073.8986790,000204,4108,3071,1037,957,137,640,7,143,0,30,80,69,12,2,6,0,5,15,3,0,17,1,0,6,0,1,1,11,9,1,1,0,0,0,0,0,0,0,0,0,0,0,0,0,0,0,0,0,0,0,0,0,0,0,0,0,0,0,0,0,0,0,0,0,0,0,0,0,0,0,0,0,0,6,Hispanic or Latino,0.07251952,56646.81890168,46.41249148,88.51065455,2021728.12887984,6285.89133880829
20,36,119,000205,36119000205,2.05,Census Tract,G5020,S,178214,0,+40.9180131,-073.8989354,000205,3928,2734,1194,1122,203,707,13,165,0,34,72,69,17,0,12,1,5,7,2,0,17,0,0,1,0,6,1,3,1,0,0,0,2,0,0,0,0,0,0,0,0,0,0,0,0,0,0,0,0,0,0,0,0,0,0,0,0,0,0,0,0,0,0,0,0,0,0,0,0,0,0,0,0,7,Hispanic or Latino,0.06879926,57093.63826542,44.03152568,89.2088098,1918013.2587936,6189.16999778287
21,36,119,000300,36119000300,3,Census Tract,G5020,S,385818,0,+40.9316565,-073.8962788,000300,4638,3163,1475,1409,172,939,16,241,0,41,66,55,22,2,0,2,2,7,9,0,11,0,0,0,0,0,0,7,5,1,0,0,0,0,0,0,0,0,1,0,0,0,0,0,0,0,0,0,4,4,0,0,0,0,0,0,0,0,0,0,0,0,0,0,0,0,0,0,0,0,0,0,0,8,Hispanic or Latino,0.14894401,31139.21755998,95.32416779,48.65502744,4152320.74904329,8375.6802677636
22,36,119,000401,36119000401,4.01,Census Tract,G5020,S,481077,458003,+40.9386815,-073.9021226,000401,6059,2956,3103,2895,700,1925,4,205,4,57,208,197,51,2,25,0,26,23,11,0,49,0,0,0,0,10,0,10,4,5,0,1,0,0,0,0,0,0,0,0,0,0,0,0,0,0,0,0,1,1,0,0,0,0,0,0,0,0,0,0,0,0,0,0,0,0,0,0,0,0,0,0,0,9,Hispanic or Latino,0.36252985,16713.10629177,232.01910715,26.11422858,10106752.3073957,13849.6228567295
23,36,119,000403,36119000403,4.03,Census Tract,G5020,S,408654,725214,+40.9441946,-073.9008152,000403,3740,1535,2205,2105,125,1899,2,47,0,32,100,85,28,0,0,0,3,13,9,0,28,0,0,3,0,0,1,14,4,2,0,8,0,0,0,0,0,0,0,0,0,0,0,0,0,0,0,0,1,0,0,0,0,0,1,0,0,0,0,0,0,0,0,0,0,0,0,0,0,0,0,0,0,10,"Black or African American Alone, not Hispanic",0.43772678,8544.14261586,280.14513653,13.35022284,12203122.1474458,15375.2147452207
24,36,119,000404,36119000404,4.04,Census Tract,G5020,S,189026,0,+40.9454554,-073.8960960,000404,2239,1029,1210,1156,195,857,7,64,0,33,54,53,15,5,9,0,9,5,0,0,10,0,0,0,0,0,0,1,0,0,0,0,1,0,0,0,0,0,0,0,0,0,0,0,0,0,0,0,0,0,0,0,0,0,0,0,0,0,0,0,0,0,0,0,0,0,0,0,0,0,0,0,0,11,Hispanic or Latino,0.07297335,30682.43485121,46.7029428,47.94130446,2034380.18835773,6519.01324052685
25,36,119,000501,36119000501,5.01,Census Tract,G5020,S,265267,0,+40.9402884,-073.8880085,000501,2477,1548,929,878,106,664,6,91,0,11,51,45,11,2,2,0,2,12,4,0,8,1,0,0,0,3,0,4,2,0,0,0,2,0,0,0,0,0,0,0,0,0,0,0,0,0,0,0,2,2,0,0,0,0,0,0,0,0,0,0,0,0,0,0,0,0,0,0,0,0,0,0,0,12,Hispanic or Latino,0.10240687,24187.83105702,65.54039492,37.79348603,2854939.60282059,9610.14491106406
26,36,119,000502,36119000502,5.02,Census Tract,G5020,S,189392,0,+40.9368431,-073.8915729,000502,3544,2129,1415,1347,111,945,0,284,0,7,68,60,35,3,5,0,2,1,0,0,11,0,0,0,3,0,0,7,6,0,0,0,0,0,0,1,0,0,0,0,0,0,0,0,0,0,0,0,1,0,0,0,0,0,0,0,0,0,0,0,0,1,0,0,0,0,0,0,0,0,0,0,0,13,Hispanic or Latino,0.07311403,48472.23027897,46.79297789,75.73785982,2038302.11687406,6378.83712579372
27,36,119,000601,36119000601,6.01,Census Tract,G5020,S,262983,0,+40.9443286,-073.8854062,000601,2878,1703,1175,1106,345,683,7,38,0,33,69,65,22,2,12,1,7,8,6,0,6,0,0,0,1,0,0,3,2,0,0,1,0,0,0,0,0,0,0,0,0,0,0,0,0,0,0,0,1,0,0,0,0,0,0,1,0,0,0,0,0,0,0,0,0,0,0,0,0,0,0,0,0,14,Hispanic or Latino,0.10152454,28347.82624314,64.97570516,44.29347851,2830341.71655261,6989.2907452925
28,36,119,000602,36119000602,6.02,Census Tract,G5020,S,404747,0,+40.9439254,-073.8918149,000602,4478,2210,2268,2156,560,1319,6,242,0,29,112,94,36,5,2,0,9,16,6,0,15,0,0,0,5,0,0,18,12,0,0,2,0,0,0,0,1,0,1,0,0,0,2,0,0,0,0,0,0,0,0,0,0,0,0,0,0,0,0,0,0,0,0,0,0,0,0,0,0,0,0,0,0,15,Hispanic or Latino,0.15625104,28659.00862832,100.00066774,44.77970099,4356029.08680406,9950.2379356148
29,36,119,000701,36119000701,7.01,Census Tract,G5020,S,1217004,0,+40.9624398,-073.8888428,000701,3455,1018,2437,2329,1410,667,4,219,1,28,108,99,32,2,14,1,11,15,3,0,13,5,0,0,3,0,0,6,6,0,0,0,0,0,0,0,0,0,0,0,0,0,0,0,0,0,0,0,3,1,0,0,0,2,0,0,0,0,0,0,0,0,0,0,0,0,0,0,0,0,0,0,0,16,"White Alone, not Hispanic",0.46982193,7353.85006668,300.68603244,11.49039073,13097883.5731147,25878.7429831233
30,36,119,000702,36119000702,7.02,Census Tract,G5020,S,712538,2179463,+40.9667662,-073.8896752,000702,5272,1634,3638,3459,1611,1554,10,228,0,56,179,159,39,6,32,5,20,10,11,4,28,0,0,0,1,3,0,18,9,2,0,3,0,0,0,0,1,0,2,0,1,0,0,0,0,0,0,0,2,2,0,0,0,0,0,0,0,0,0,0,0,0,0,0,0,0,0,0,0,0,0,0,0,17,Hispanic or Latino,1.1164507,4722.10729799,714.52844814,7.37829265,31124859.2008044,26945.8250129291
31,36,119,000801,36119000801,8.01,Census Tract,G5020,S,1157213,0,+40.9614778,-073.8811316,000801,5950,2014,3936,3791,2737,539,18,440,0,57,145,136,25,11,31,0,34,2,7,0,20,2,0,3,0,1,0,7,3,0,0,4,0,0,0,0,0,0,0,0,0,0,0,0,0,0,0,0,2,0,0,1,0,1,0,0,0,0,0,0,0,0,0,0,0,0,0,0,0,0,0,0,0,18,"White Alone, not Hispanic",0.44674201,13318.64883163,285.91488879,20.8103888,12454452.5556253,17831.5275090462
32,36,119,000802,36119000802,8.02,Census Tract,G5020,S,818618,0,+40.9572942,-073.8762893,000802,2646,1207,1439,1377,864,325,6,153,2,27,62,59,11,11,18,1,5,2,0,0,8,1,0,0,0,2,0,2,1,0,0,1,0,0,0,0,0,0,0,0,0,0,0,0,0,0,0,0,1,0,0,0,0,0,0,1,0,0,0,0,0,0,0,0,0,0,0,0,0,0,0,0,0,19,Hispanic or Latino,0.31602754,8372.68797429,202.25762682,13.08232496,8810342.22425547,20890.6470095893
33,36,119,000803,36119000803,8.03,Census Tract,G5020,S,820810,0,+40.9524949,-073.8864399,000803,4786,2149,2637,2479,1542,626,3,267,2,39,158,157,49,4,31,0,27,3,5,0,21,4,0,0,0,6,7,1,0,0,0,0,0,0,0,0,0,0,1,0,0,0,0,0,0,0,0,0,0,0,0,0,0,0,0,0,0,0,0,0,0,0,0,0,0,0,0,0,0,0,0,0,0,20,Hispanic or Latino,0.31687304,15103.84092431,202.79874602,23.59975145,8833913.37681955,12067.392400852
34,36,119,000900,36119000900,9,Census Tract,G5020,S,2520109,0,+40.9739642,-073.8704320,000900,3607,1315,2292,2198,1435,418,5,327,2,11,94,89,25,0,19,1,24,5,7,0,4,0,0,0,0,4,0,5,1,3,0,0,0,0,0,1,0,0,0,0,0,0,0,0,0,0,0,0,0,0,0,0,0,0,0,0,0,0,0,0,0,0,0,0,0,0,0,0,0,0,0,0,0,21,"White Alone, not Hispanic",0.97288761,3707.51972425,622.64806971,5.79299957,27122549.9163797,23909.1134743356
35,36,119,001000,36119001000,10,Census Tract,G5020,S,204991,0,+40.9368537,-073.8846749,001000,1820,844,976,927,177,658,9,73,0,10,49,39,6,6,8,0,0,6,1,0,10,0,0,0,1,1,0,10,3,6,0,0,1,0,0,0,0,0,0,0,0,0,0,0,0,0,0,0,0,0,0,0,0,0,0,0,0,0,0,0,0,0,0,0,0,0,0,0,0,0,0,0,0,22,Hispanic or Latino,0.0791361,22998.35337227,50.64710421,35.93492715,2206187.85928302,7597.28509627136
36,36,119,001101,36119001101,11.01,Census Tract,G5020,S,175782,0,+40.9338247,-073.8895401,001101,3907,2951,956,916,229,605,2,52,0,28,40,34,13,1,7,0,2,10,0,0,1,0,0,0,0,0,0,6,5,0,0,0,0,0,0,0,0,0,0,0,1,0,0,0,0,0,0,0,0,0,0,0,0,0,0,0,0,0,0,0,0,0,0,0,0,0,0,0,0,0,0,0,0,23,Hispanic or Latino,0.06786077,57573.76618486,43.43089163,89.95900968,1891849.63922941,5832.21224076227
37,36,119,001102,36119001102,11.02,Census Tract,G5020,S,745150,0,+40.9307447,-073.8840379,001102,5598,3204,2394,2282,727,1255,30,198,2,70,112,103,31,7,9,0,18,6,6,0,22,3,0,0,1,0,0,9,5,0,0,2,0,0,0,0,1,0,1,0,0,0,0,0,0,0,0,0,0,0,0,0,0,0,0,0,0,0,0,0,0,0,0,0,0,0,0,0,0,0,0,0,0,24,Hispanic or Latino,0.28766434,19460.18074176,184.10517595,30.40653241,8019621.46450375,13738.2195950096
38,36,119,001200,36119001200,12,Census Tract,G5020,S,422779,0,+40.9274602,-073.8919786,001200,5336,3788,1548,1466,541,752,6,142,0,25,82,77,23,3,14,0,11,10,2,0,14,0,0,0,0,0,0,3,0,1,0,0,0,0,1,0,1,0,0,0,0,0,0,0,0,0,0,0,2,0,0,2,0,0,0,0,0,0,0,0,0,0,0,0,0,0,0,0,0,0,0,0,0,25,Hispanic or Latino,0.16321343,32693.38894373,104.45659229,51.08342023,4550129.16025888,10400.2042654992
39,36,119,001301,36119001301,13.01,Census Tract,G5020,S,1425478,0,+40.9210949,-073.8863956,001301,3883,1921,1962,1843,1058,414,4,330,0,37,119,104,35,6,20,2,14,4,11,0,7,0,0,0,3,2,0,15,0,0,1,8,2,0,0,1,0,0,0,0,0,1,2,0,0,0,0,0,0,0,0,0,0,0,0,0,0,0,0,0,0,0,0,0,0,0,0,0,0,0,0,0,0,26,Hispanic or Latino,0.55030389,7056.10136132,352.19448707,11.02515838,15341591.8568474,25144.7156853787
40,36,119,001302,36119001302,13.02,Census Tract,G5020,S,367782,0,+40.9122351,-073.8889545,001302,4101,2519,1582,1509,577,591,16,265,0,60,73,62,12,6,20,2,3,4,6,0,3,2,0,0,4,0,0,9,3,1,1,0,2,0,0,0,0,0,0,0,2,0,0,0,0,0,0,0,2,1,0,0,0,1,0,0,0,0,0,0,0,0,0,0,0,0,0,0,0,0,0,0,0,27,Hispanic or Latino,0.1419814,28884.06435044,90.86809833,45.13135055,3958214.36339363,10918.968423917
41,36,119,001304,36119001304,13.04,Census Tract,G5020,S,173217,0,+40.9128612,-073.8933427,001304,3630,2485,1145,1093,305,549,2,177,0,60,52,46,10,4,8,3,1,4,7,0,3,0,0,0,0,6,0,6,0,0,0,5,0,0,0,0,0,0,0,0,1,0,0,0,0,0,0,0,0,0,0,0,0,0,0,0,0,0,0,0,0,0,0,0,0,0,0,0,0,0,0,0,0,28,Hispanic or Latino,0.06686985,54284.55037375,42.79670705,84.81960997,1864224.55911041,7516.50005970267
42,36,119,001305,36119001305,13.05,Census Tract,G5020,S,196566,0,+40.9160570,-073.8953462,001305,3505,2514,991,912,222,537,15,116,0,22,79,66,21,0,2,0,13,16,0,0,10,0,0,0,0,4,0,13,8,2,0,1,0,0,0,0,0,0,0,0,0,0,1,0,1,0,0,0,0,0,0,0,0,0,0,0,0,0,0,0,0,0,0,0,0,0,0,0,0,0,0,0,0,29,Hispanic or Latino,0.07588388,46188.99573934,48.56568028,72.17030585,2115521.0331633,8649.76837959091
43,36,119,001401,36119001401,14.01,Census Tract,G5020,S,1747131,59198,+40.9249893,-073.8720643,001401,4244,1217,3027,2914,2246,242,6,394,0,26,113,113,19,8,26,1,39,0,0,0,10,0,0,0,1,3,6,0,0,0,0,0,0,0,0,0,0,0,0,0,0,0,0,0,0,0,0,0,0,0,0,0,0,0,0,0,0,0,0,0,0,0,0,0,0,0,0,0,0,0,0,0,0,30,"White Alone, not Hispanic",0.69733361,6086.03967257,446.29350871,9.50943699,19440545.239598,27941.7596862635
44,36,119,006100,36119006100,61,Census Tract,G5020,S,858949,0,+40.9047709,-073.7933126,006100,4099,1860,2239,2097,997,804,12,215,0,69,142,124,52,0,28,1,28,1,0,0,12,0,0,2,0,0,0,17,5,3,3,2,0,0,0,0,4,0,0,0,0,0,0,0,0,0,0,0,1,1,0,0,0,0,0,0,0,0,0,0,0,0,0,0,0,0,0,0,0,0,0,0,0,98,Hispanic or Latino,0.33160389,12361.13353499,212.22649138,19.31427115,9244585.96468782,15775.5357640222
45,36,119,006200,36119006200,62,Census Tract,G5020,S,705972,0,+40.9112626,-073.7969290,006200,5796,4121,1675,1568,887,539,2,85,2,53,107,99,29,7,12,0,30,13,1,0,7,0,0,0,0,0,0,8,4,0,0,4,0,0,0,0,0,0,0,0,0,0,0,0,0,0,0,0,0,0,0,0,0,0,0,0,0,0,0,0,0,0,0,0,0,0,0,0,0,0,0,0,0,99,Hispanic or Latino,0.27254569,21266.15934069,174.42923944,33.22837397,7598137.66982688,11045.9575059772
46,36,119,006301,36119006301,63.01,Census Tract,G5020,S,413160,0,+40.9135267,-073.7903531,006301,3713,1928,1785,1703,454,1009,7,185,2,46,82,78,22,4,7,0,23,5,6,0,10,0,0,0,0,1,0,4,1,1,0,2,0,0,0,0,0,0,0,0,0,0,0,0,0,0,0,0,0,0,0,0,0,0,0,0,0,0,0,0,0,0,0,0,0,0,0,0,0,0,0,0,0,100,Hispanic or Latino,0.15950338,23278.5038462,102.08216195,36.37266226,4446698.97474913,9221.62050473597
47,36,119,006302,36119006302,63.02,Census Tract,G5020,S,314281,0,+40.9151903,-073.7852720,006302,3114,1798,1316,1272,446,599,6,191,0,30,44,38,6,3,5,0,9,5,2,1,5,0,1,0,1,0,0,5,0,1,0,0,0,0,0,2,1,0,0,0,0,0,1,0,0,0,0,0,1,1,0,0,0,0,0,0,0,0,0,0,0,0,0,0,0,0,0,0,0,0,0,0,0,101,Hispanic or Latino,0.12133,25665.54058343,77.65119902,40.10240717,3382486.22921005,11466.9584157407
48,36,119,006400,36119006400,64,Census Tract,G5020,S,996553,15968,+40.9194095,-073.7953533,006400,5504,1918,3586,3418,776,2415,17,163,0,47,168,149,62,5,7,0,9,17,24,0,24,1,0,0,0,0,0,19,10,3,0,1,0,0,0,0,0,0,0,0,0,0,5,0,0,0,0,0,0,0,0,0,0,0,0,0,0,0,0,0,0,0,0,0,0,0,0,0,0,0,0,0,0,102,"Black or African American Alone, not Hispanic",0.39089084,14080.65740861,250.17013747,22.0010272,10897411.1880734,14131.1159050688
49,36,119,006500,36119006500,65,Census Tract,G5020,S,2113666,0,+40.9249274,-073.7783059,006500,5762,2180,3582,3371,1365,1670,8,248,2,78,211,191,50,9,33,2,30,7,11,0,42,0,0,0,1,5,1,20,3,13,0,0,1,0,0,0,2,0,0,0,0,0,0,0,1,0,0,0,0,0,0,0,0,0,0,0,0,0,0,0,0,0,0,0,0,0,0,0,0,0,0,0,0,103,Hispanic or Latino,0.8159976,7061.29528319,522.23846357,11.03327388,22748707.4731965,22288.0695625013
50,36,119,006600,36119006600,66,Census Tract,G5020,S,1905493,50076,+40.9295355,-073.7970547,006600,6406,1145,5261,5083,3877,860,6,221,1,118,178,167,33,5,57,0,36,3,3,0,27,0,0,0,1,1,1,8,0,0,0,3,3,0,0,0,2,0,0,0,0,0,0,0,0,0,0,0,3,2,0,0,0,1,0,0,0,0,0,0,0,0,0,0,0,0,0,0,0,0,0,0,0,104,"White Alone, not Hispanic",0.75496063,8485.21073024,483.17480023,13.25814177,21047094.2978901,21488.0185187898
51,36,119,002103,36119002103,21.03,Census Tract,G5020,S,1469608,0,+40.9679192,-073.8212814,002103,3258,278,2980,2912,2748,48,0,103,0,13,68,64,9,4,35,0,13,1,1,0,0,0,0,0,0,1,0,3,0,0,0,0,0,0,0,3,0,0,0,0,0,0,0,0,0,0,0,0,1,0,0,1,0,0,0,0,0,0,0,0,0,0,0,0,0,0,0,0,0,0,0,0,0,44,"White Alone, not Hispanic",0.56734768,5742.51051042,363.10251343,8.97267267,15816745.4849997,22253.415673859
52,36,119,002104,36119002104,21.04,Census Tract,G5020,S,1306702,0,+40.9620900,-073.8363333,002104,5290,1595,3695,3577,2440,557,2,550,0,28,118,107,14,4,32,6,18,5,5,0,17,0,0,0,0,6,0,10,0,4,0,2,2,0,0,0,0,0,0,0,0,2,0,0,0,0,0,0,1,0,0,0,0,0,0,0,0,0,0,0,0,0,0,1,0,0,0,0,0,0,0,0,0,45,"White Alone, not Hispanic",0.50445815,10486.49932286,322.85321301,16.38515519,14063485.9585003,23286.0055625518
53,36,119,002105,36119002105,21.05,Census Tract,G5020,S,1496856,0,+40.9815047,-073.8218346,002105,1926,175,1751,1709,1308,76,0,320,0,5,42,39,9,2,12,1,8,0,3,0,2,0,0,0,0,2,0,3,1,1,0,0,1,0,0,0,0,0,0,0,0,0,0,0,0,0,0,0,0,0,0,0,0,0,0,0,0,0,0,0,0,0,0,0,0,0,0,0,0,0,0,0,0,46,"White Alone, not Hispanic",0.57786672,3332.94847275,369.83470039,5.20773199,16109999.5490336,19367.8865264436
54,36,119,002106,36119002106,21.06,Census Tract,G5020,S,325593,19400,+40.9733476,-073.8256948,002106,2602,732,1870,1781,396,803,2,563,0,17,89,79,23,1,7,1,7,10,15,1,3,4,0,0,2,5,0,6,3,1,0,1,0,0,0,1,0,0,0,0,0,0,0,0,0,0,0,0,4,0,0,3,0,0,0,0,0,0,0,1,0,0,0,0,0,0,0,0,0,0,0,0,0,47,"Black or African American Alone, not Hispanic",0.1331853,19536.68988516,85.23859515,30.52607795,3712993.20493851,8944.05361715162
55,36,119,002107,36119002107,21.07,Census Tract,G5020,S,545868,27390,+40.9694618,-073.8296011,002107,1592,351,1241,1209,685,200,4,296,4,20,32,31,1,0,13,2,11,1,0,0,1,0,0,2,0,0,0,1,0,1,0,0,0,0,0,0,0,0,0,0,0,0,0,0,0,0,0,0,0,0,0,0,0,0,0,0,0,0,0,0,0,0,0,0,0,0,0,0,0,0,0,0,0,48,"White Alone, not Hispanic",0.22130851,7193.57771626,141.63744941,11.23996518,6169727.29632583,12263.673110361
56,36,119,002201,36119002201,22.01,Census Tract,G5020,S,1019023,0,+40.9548092,-073.8353763,002201,2374,410,1964,1920,1502,135,3,263,2,15,44,38,6,1,22,0,7,0,0,0,2,0,0,0,0,0,0,5,2,1,0,2,0,0,0,0,0,0,0,0,0,0,0,0,0,0,0,0,1,0,0,0,0,0,0,1,0,0,0,0,0,0,0,0,0,0,0,0,0,0,0,0,0,49,"White Alone, not Hispanic",0.39339606,6034.63089807,251.77347637,9.42911078,10967252.6305655,16390.9953500543
57,36,119,002202,36119002202,22.02,Census Tract,G5020,S,1251772,0,+40.9462291,-073.8416946,002202,4709,655,4054,3933,3462,181,2,266,0,22,121,107,31,11,27,0,29,3,1,0,3,0,0,0,0,2,0,8,0,1,0,1,5,0,0,1,0,0,0,0,0,0,0,0,0,0,0,0,6,3,0,0,0,1,1,0,0,0,0,0,0,1,0,0,0,0,0,0,0,0,0,0,0,50,"White Alone, not Hispanic",0.48324774,9744.48425803,309.27855388,15.22575666,13472173.8069252,16209.850208761
58,36,119,002203,36119002203,22.03,Census Tract,G5020,S,350766,0,+40.9494681,-073.8494167,002203,1645,393,1252,1218,908,158,4,134,0,14,34,29,3,4,4,0,5,1,1,1,4,0,0,0,0,6,0,5,3,0,0,0,0,0,0,0,0,0,0,0,1,0,1,0,0,0,0,0,0,0,0,0,0,0,0,0,0,0,0,0,0,0,0,0,0,0,0,0,0,0,0,0,0,51,"White Alone, not Hispanic",0.13541428,12147.90668637,86.66513722,18.9811042,3775133.37713484,9896.54773199001
59,36,119,002204,36119002204,22.04,Census Tract,G5020,S,1941966,0,+40.9360355,-073.8456287,002204,5144,793,4351,4247,3499,369,3,334,3,39,104,94,22,0,41,0,19,5,1,0,6,0,0,0,0,0,0,10,0,0,0,7,0,1,0,2,0,0,0,0,0,0,0,0,0,0,0,0,0,0,0,0,0,0,0,0,0,0,0,0,0,0,0,0,0,0,0,0,0,0,0,0,0,52,"White Alone, not Hispanic",0.74969971,6861.41386133,479.80781601,10.72095916,20900428.4655808,20439.9198292763
60,36,119,002300,36119002300,23,Census Tract,G5020,S,1546739,0,+40.9377276,-073.8623540,002300,3930,1094,2836,2761,2241,239,8,242,0,31,75,73,10,18,22,0,13,2,0,0,7,0,0,0,1,0,0,0,0,0,0,0,0,0,0,0,0,0,0,0,0,0,0,0,0,0,0,0,2,1,0,1,0,0,0,0,0,0,0,0,0,0,0,0,0,0,0,0,0,0,0,0,0,53,"White Alone, not Hispanic",0.59712171,6581.57274409,382.15789713,10.28370741,16646797.9988732,22038.6740243002
61,36,119,002401,36119002401,24.01,Census Tract,G5020,S,348542,0,+40.9327259,-073.8547288,002401,1908,495,1413,1347,966,240,3,127,0,11,66,55,15,3,1,0,23,0,3,0,7,0,0,3,0,0,0,10,6,1,0,1,2,0,0,0,0,0,0,0,0,0,0,0,0,0,0,0,1,0,0,0,0,0,1,0,0,0,0,0,0,0,0,0,0,0,0,0,0,0,0,0,0,54,"White Alone, not Hispanic",0.13455387,14180.19408823,86.11447715,22.15655327,3751146.62480532,9833.20451095765
62,36,119,002402,36119002402,24.02,Census Tract,G5020,S,309885,0,+40.9267930,-073.8447377,002402,3418,1093,2325,2201,1547,436,1,172,0,45,124,114,46,6,15,0,21,4,8,0,11,0,0,0,0,3,0,8,3,0,0,5,0,0,0,0,0,0,0,0,0,0,0,0,0,0,0,0,1,1,0,0,0,0,0,0,0,0,0,0,0,0,0,0,1,1,0,0,0,0,0,0,0,55,"White Alone, not Hispanic",0.11963111,28571.16243752,76.56391316,44.64244131,3335124.05720316,8144.72038163031
63,36,119,002403,36119002403,24.03,Census Tract,G5020,S,874768,0,+40.9196764,-073.8505663,002403,5891,2011,3880,3707,2519,732,10,364,0,82,173,165,24,5,59,0,38,9,4,0,15,0,0,0,0,11,0,8,0,0,0,2,0,0,1,2,3,0,0,0,0,0,0,0,0,0,0,0,0,0,0,0,0,0,0,0,0,0,0,0,0,0,0,0,0,0,0,0,0,0,0,0,0,56,"White Alone, not Hispanic",0.33770637,17444.14850437,216.13207423,27.25648204,9414713.15367252,16412.2028399839
64,36,119,002404,36119002404,24.04,Census Tract,G5020,S,976847,0,+40.9235457,-073.8556612,002404,2924,997,1927,1844,1271,216,4,314,0,39,83,75,12,5,13,0,14,9,1,0,10,4,0,0,1,6,0,8,7,0,0,1,0,0,0,0,0,0,0,0,0,0,0,0,0,0,0,0,0,0,0,0,0,0,0,0,0,0,0,0,0,0,0,0,0,0,0,0,0,0,0,0,0,57,"White Alone, not Hispanic",0.37711192,7753.66634408,241.3516286,12.11510366,10513276.9417679,16317.7259406197
65,36,119,002405,36119002405,24.05,Census Tract,G5020,S,638857,0,+40.9270295,-073.8612327,002405,3057,1017,2040,1988,1560,171,1,215,0,41,52,45,8,5,5,0,14,2,3,0,7,0,0,0,0,1,0,6,0,2,0,3,0,1,0,0,0,0,0,0,0,0,0,0,0,0,0,0,1,0,0,1,0,0,0,0,0,0,0,0,0,0,0,0,0,0,0,0,0,0,0,0,0,58,"White Alone, not Hispanic",0.24663306,12394.93214618,157.84515612,19.36708148,6875735.00071155,10922.4128359338
66,36,119,002600,36119002600,26,Census Tract,G5020,S,1474987,26819,+40.8969325,-073.8269328,002600,4349,490,3859,3721,109,3487,21,44,0,60,138,122,37,1,2,0,2,26,10,0,36,0,0,1,1,6,0,16,6,1,3,4,0,0,0,0,2,0,0,0,0,0,0,0,0,0,0,0,0,0,0,0,0,0,0,0,0,0,0,0,0,0,0,0,0,0,0,0,0,0,0,0,0,59,"Black or African American Alone, not Hispanic",0.57977943,7501.1284541,371.0588369,11.72051321,16163322.9354988,19058.9147106924
67,36,119,002700,36119002700,27,Census Tract,G5020,S,343362,0,+40.9025144,-073.8307981,002700,3757,403,3354,3266,36,3172,14,31,1,12,88,83,17,5,4,0,0,14,11,0,23,0,0,0,1,8,0,5,1,0,0,3,0,0,0,0,1,0,0,0,0,0,0,0,0,0,0,0,0,0,0,0,0,0,0,0,0,0,0,0,0,0,0,0,0,0,0,0,0,0,0,0,0,60,"Black or African American Alone, not Hispanic",0.13255658,28342.61449269,84.83621016,44.28533515,3695465.31472886,7742.93099339872
68,36,119,002800,36119002800,28,Census Tract,G5020,S,277704,0,+40.9010623,-073.8371794,002800,2732,248,2484,2403,28,2261,9,55,0,50,81,64,24,3,9,1,2,12,2,5,4,0,0,2,0,0,0,16,5,2,0,7,0,0,1,0,0,0,0,0,0,0,1,0,0,0,0,0,1,0,1,0,0,0,0,0,0,0,0,0,0,0,0,0,0,0,0,0,0,0,0,0,0,61,"Black or African American Alone, not Hispanic",0.10720892,25482.95323286,68.61371144,39.81711443,2988813.27035023,7216.68481722323
69,36,119,002900,36119002900,29,Census Tract,G5020,S,368883,0,+40.9058274,-073.8401080,002900,4273,738,3535,3401,40,3306,10,8,1,36,134,123,32,0,1,0,0,32,0,5,44,7,0,0,0,2,0,10,2,6,0,0,0,0,0,0,0,0,0,0,0,1,1,0,0,0,0,0,1,0,0,1,0,0,0,0,0,0,0,0,0,0,0,0,0,0,0,0,0,0,0,0,0,62,"Black or African American Alone, not Hispanic",0.14240877,30005.17371181,91.14161531,46.88308393,3970128.76274672,8473.63897525851
70,36,119,003000,36119003000,30,Census Tract,G5020,S,358706,0,+40.9086105,-073.8443462,003000,3228,389,2839,2720,63,2509,0,78,2,68,119,117,32,1,3,0,2,12,9,2,40,0,0,1,0,7,8,2,0,0,0,2,0,0,0,0,0,0,0,0,0,0,0,0,0,0,0,0,0,0,0,0,0,0,0,0,0,0,0,0,0,0,0,0,0,0,0,0,0,0,0,0,0,63,"Black or African American Alone, not Hispanic",0.13847987,23310.24724379,88.62711657,36.42226132,3860597.19775664,10910.9868598281
71,36,119,003100,36119003100,31,Census Tract,G5020,S,288916,0,+40.9082759,-073.8347935,003100,3211,371,2840,2757,115,2548,14,45,0,35,83,75,19,2,0,0,11,14,3,1,21,1,0,0,0,1,2,8,6,0,0,0,1,0,0,0,1,0,0,0,0,0,0,0,0,0,0,0,0,0,0,0,0,0,0,0,0,0,0,0,0,0,0,0,0,0,0,0,0,0,0,0,0,64,"Black or African American Alone, not Hispanic",0.11153727,28788.58379528,71.38385182,44.98216219,3109480.58525482,7885.59939034392
72,36,119,003200,36119003200,32,Census Tract,G5020,S,294518,0,+40.9087133,-073.8306416,003200,2954,408,2546,2461,73,2317,0,45,2,24,85,83,32,2,1,0,0,14,6,0,25,0,0,0,3,0,0,2,0,0,0,0,0,0,0,2,0,0,0,0,0,0,0,0,0,0,0,0,0,0,0,0,0,0,0,0,0,0,0,0,0,0,0,0,0,0,0,0,0,0,0,0,0,65,"Black or African American Alone, not Hispanic",0.11369997,25980.65858643,72.76797828,40.59477905,3169773.13394089,7620.37975190127
73,36,119,003300,36119003300,33,Census Tract,G5020,S,624485,0,+40.9064456,-073.8246183,003300,3993,485,3508,3423,70,3248,11,54,0,40,85,72,27,0,3,0,1,21,9,1,10,0,0,0,0,0,0,13,4,2,0,0,0,0,0,0,6,0,0,0,1,0,0,0,0,0,0,0,0,0,0,0,0,0,0,0,0,0,0,0,0,0,0,0,0,0,0,0,0,0,0,0,0,66,"Black or African American Alone, not Hispanic",0.2410859,16562.56111054,154.29497785,25.87900174,6721089.23508827,11227.0764246598
74,36,119,003400,36119003400,34,Census Tract,G5020,S,684418,0,+40.9072312,-073.8179378,003400,4912,726,4186,4036,158,3791,2,32,2,51,150,147,49,4,5,0,9,22,9,0,47,0,0,0,0,0,2,3,0,0,0,0,1,0,0,0,0,0,0,0,0,0,2,0,0,0,0,0,0,0,0,0,0,0,0,0,0,0,0,0,0,0,0,0,0,0,0,0,0,0,0,0,0,67,"Black or African American Alone, not Hispanic",0.26422288,18590.36586473,169.10264287,29.04744667,7366111.12329057,11662.8511754253
75,36,119,003500,36119003500,35,Census Tract,G5020,S,355588,0,+40.9113421,-073.8484919,003500,2354,762,1592,1512,114,1309,2,24,1,62,80,75,11,0,1,0,36,3,3,0,13,0,0,0,0,8,0,5,4,0,0,0,0,0,0,0,0,0,0,0,1,0,0,0,0,0,0,0,0,0,0,0,0,0,0,0,0,0,0,0,0,0,0,0,0,0,0,0,0,0,0,0,0,68,"Black or African American Alone, not Hispanic",0.13727363,17148.23152862,87.85512356,26.79411177,3826969.18233246,9562.3475876964
76,36,119,003600,36119003600,36,Census Tract,G5020,S,386750,0,+40.9140091,-073.8402628,003600,4499,1911,2588,2362,361,1751,5,114,2,129,226,218,41,5,1,2,106,10,3,7,36,0,0,0,0,7,0,6,6,0,0,0,0,0,0,0,0,0,0,0,0,0,0,0,0,0,0,0,2,0,0,0,0,0,0,0,0,0,1,0,0,0,0,1,0,0,0,0,0,0,0,0,0,69,Hispanic or Latino,0.14930526,30132.89656095,95.55536733,47.08265088,4162391.80093291,9088.94343873671
77,36,119,003700,36119003700,37,Census Tract,G5020,S,605003,0,+40.9190719,-073.8430796,003700,4307,1342,2965,2695,638,1733,10,115,0,199,270,262,32,0,10,0,136,3,7,3,66,0,0,0,1,3,1,6,1,1,0,4,0,0,0,0,0,0,0,0,0,0,0,0,0,0,0,0,2,0,0,2,0,0,0,0,0,0,0,0,0,0,0,0,0,0,0,0,0,0,0,0,0,70,"Black or African American Alone, not Hispanic",0.23356218,18440.48519166,149.4797979,28.81325812,6511339.99655674,17574.9740248772
78,36,119,003800,36119003800,38,Census Tract,G5020,S,250808,0,+40.9241011,-073.8386971,003800,3342,785,2557,2381,1207,970,11,153,0,40,176,159,46,12,9,1,54,6,12,0,18,1,0,0,0,0,0,17,11,2,0,0,0,0,0,0,2,0,1,0,0,1,0,0,0,0,0,0,0,0,0,0,0,0,0,0,0,0,0,0,0,0,0,0,0,0,0,0,0,0,0,0,0,71,"White Alone, not Hispanic",0.09682495,34515.89577993,61.96797016,53.93108716,2699324.7801539,8604.66418587037
79,36,119,003900,36119003900,39,Census Tract,G5020,S,486547,0,+40.9215525,-073.8339938,003900,3801,832,2969,2629,1285,1079,7,107,0,151,340,323,37,1,15,0,211,3,7,0,34,0,0,2,0,13,0,17,3,0,0,9,0,0,0,0,1,0,3,0,0,0,1,0,0,0,0,0,0,0,0,0,0,0,0,0,0,0,0,0,0,0,0,0,0,0,0,0,0,0,0,0,0,72,"White Alone, not Hispanic",0.18783327,20236.03145521,120.21329405,31.61879915,5236491.08871683,9499.92873657599
80,36,119,004001,36119004001,40.01,Census Tract,G5020,S,258996,0,+40.9134082,-073.8326045,004001,3834,730,3104,2930,236,2556,6,54,2,76,174,170,46,0,3,0,43,34,11,0,26,0,0,2,0,5,0,4,2,0,0,1,0,0,0,1,0,0,0,0,0,0,0,0,0,0,0,0,0,0,0,0,0,0,0,0,0,0,0,0,0,0,0,0,0,0,0,0,0,0,0,0,0,73,"Black or African American Alone, not Hispanic",0.09998637,38345.22653154,63.99127666,59.91441646,2787460.0114363,10613.3096911748
81,36,119,004002,36119004002,40.02,Census Tract,G5020,S,310351,0,+40.9158547,-073.8307687,004002,2959,828,2131,1879,366,1288,2,32,0,191,252,242,27,0,6,1,157,11,8,2,27,0,0,0,0,3,0,10,0,5,0,4,0,0,0,0,0,0,0,1,0,0,0,0,0,0,0,0,0,0,0,0,0,0,0,0,0,0,0,0,0,0,0,0,0,0,0,0,0,0,0,0,0,74,"Black or African American Alone, not Hispanic",0.11981199,24697.02814963,76.67967127,38.58910649,3340166.48033715,9393.05588214776
82,36,119,004100,36119004100,41,Census Tract,G5020,S,754510,17621,+40.9142187,-073.8208136,004100,3703,695,3008,2859,259,2463,4,84,0,49,149,140,45,7,8,1,18,7,13,4,35,0,0,0,1,1,0,4,3,0,0,1,0,0,0,0,0,0,0,0,0,0,0,0,0,0,0,0,0,0,0,0,0,0,0,0,0,0,0,0,0,0,0,0,5,5,0,0,0,0,0,0,0,75,"Black or African American Alone, not Hispanic",0.29808318,12422.706958,190.77323547,19.41047962,8310082.13713371,13019.2500415527
83,36,119,004200,36119004200,42,Census Tract,G5020,S,647321,0,+40.9212969,-073.8253465,004200,4879,898,3981,3771,895,2668,4,95,3,106,210,195,34,6,18,0,54,19,21,0,33,0,0,1,1,8,0,14,3,0,0,11,0,0,0,0,0,0,0,0,0,0,0,0,0,0,0,0,1,0,0,0,0,1,0,0,0,0,0,0,0,0,0,0,0,0,0,0,0,0,0,0,0,76,"Black or African American Alone, not Hispanic",0.24990042,19523.77644223,159.93627098,30.50590069,6966823.9638391,11365.0998055331
84,36,119,004500,36119004500,45,Census Tract,G5020,S,292461,0,+40.9305333,-073.8356048,004500,1548,243,1305,1253,695,503,1,37,0,17,52,46,6,1,11,0,9,1,3,0,13,0,0,0,0,2,0,6,3,0,0,2,0,0,0,1,0,0,0,0,0,0,0,0,0,0,0,0,0,0,0,0,0,0,0,0,0,0,0,0,0,0,0,0,0,0,0,0,0,0,0,0,0,77,"White Alone, not Hispanic",0.11290725,13710.36819616,72.26064141,21.42245031,3147673.53998166,9445.326968227
85,36,119,004600,36119004600,46,Census Tract,G5020,S,699597,0,+40.9412297,-073.8338081,004600,3155,198,2957,2807,2400,30,0,345,1,31,150,148,11,18,81,2,32,1,1,0,2,0,0,0,0,0,0,2,2,0,0,0,0,0,0,0,0,0,0,0,0,0,0,0,0,0,0,0,0,0,0,0,0,0,0,0,0,0,0,0,0,0,0,0,0,0,0,0,0,0,0,0,0,78,"White Alone, not Hispanic",0.27008177,11681.64753191,172.85233048,18.25257427,7529447.51571414,15682.2826343748
86,36,119,004700,36119004700,47,Census Tract,G5020,S,1819053,0,+40.9388251,-073.8236062,004700,3501,189,3312,3104,2923,4,1,168,0,8,208,202,4,4,110,0,75,0,0,1,3,0,0,0,2,3,0,4,0,2,0,0,0,0,0,0,2,0,0,0,0,0,0,0,0,0,0,0,2,0,0,2,0,0,0,0,0,0,0,0,0,0,0,0,0,0,0,0,0,0,0,0,0,79,"White Alone, not Hispanic",0.70225352,4985.37909537,449.4422504,7.78965484,19577704.4273365,22094.6964730635
87,36,119,004801,36119004801,48.01,Census Tract,G5020,S,833878,0,+40.9539030,-073.8254760,004801,3693,474,3219,3096,2425,396,2,258,0,15,123,121,24,3,43,1,34,0,1,0,7,0,0,1,0,6,1,2,0,1,1,0,0,0,0,0,0,0,0,0,0,0,0,0,0,0,0,0,0,0,0,0,0,0,0,0,0,0,0,0,0,0,0,0,0,0,0,0,0,0,0,0,0,80,"White Alone, not Hispanic",0.32192188,11471.72732193,206.0300017,17.92457394,8974666.87426351,24855.4537313062
88,36,119,004802,36119004802,48.02,Census Tract,G5020,S,722755,0,+40.9558223,-073.8201988,004802,3391,487,2904,2771,2108,216,0,414,0,33,133,128,19,7,46,0,34,6,1,2,8,2,0,0,0,3,0,5,4,0,0,0,0,1,0,0,0,0,0,0,0,0,0,0,0,0,0,0,0,0,0,0,0,0,0,0,0,0,0,0,0,0,0,0,0,0,0,0,0,0,0,0,0,81,"White Alone, not Hispanic",0.27902336,12153.10418575,178.57495225,18.98922529,7778724.92021719,14530.219657788
89,36,119,004900,36119004900,49,Census Tract,G5020,S,229936,0,+40.9832796,-073.8120253,004900,3275,301,2974,2876,2403,96,0,360,0,17,98,95,18,5,33,3,32,1,0,0,1,0,0,0,0,1,1,3,2,0,0,0,0,0,0,1,0,0,0,0,0,0,0,0,0,0,0,0,0,0,0,0,0,0,0,0,0,0,0,0,0,0,0,0,0,0,0,0,0,0,0,0,0,82,"White Alone, not Hispanic",0.08876804,36893.91011271,56.81154405,57.64673456,2474710.85903248,7463.44428321285
90,36,119,005001,36119005001,50.01,Census Tract,G5020,S,1097002,0,+40.9766738,-073.8015750,005001,3738,285,3453,3325,2692,63,3,552,0,15,128,124,10,1,79,0,25,0,5,0,2,0,0,0,1,0,1,4,0,4,0,0,0,0,0,0,0,0,0,0,0,0,0,0,0,0,0,0,0,0,0,0,0,0,0,0,0,0,0,0,0,0,0,0,0,0,0,0,0,0,0,0,0,83,"White Alone, not Hispanic",0.42350419,8826.35893147,271.0426823,13.79118583,11806619.2408035,20147.7360954487
91,36,119,005002,36119005002,50.02,Census Tract,G5020,S,2981702,159377,+40.9672296,-073.8031373,005002,4572,291,4281,4150,3690,36,0,404,0,20,131,127,13,14,52,0,47,0,0,1,0,0,0,0,0,0,0,3,0,1,0,2,0,0,0,0,0,0,0,0,0,0,0,0,0,0,0,0,0,0,0,0,0,0,0,0,0,0,0,0,0,0,0,0,1,0,1,0,0,0,0,0,0,84,"White Alone, not Hispanic",1.21263155,3770.31259306,776.08419127,5.89111343,33806227.3717131,28467.1091925713
92,36,119,005100,36119005100,51,Census Tract,G5020,S,982950,0,+40.9545690,-073.8126756,005100,4337,512,3825,3702,3102,95,0,474,0,31,123,107,12,4,46,3,35,0,1,0,2,1,0,0,0,3,0,14,0,2,0,6,3,0,0,1,0,0,2,0,0,0,0,0,0,0,0,0,2,0,0,0,0,2,0,0,0,0,0,0,0,0,0,0,0,0,0,0,0,0,0,0,0,85,"White Alone, not Hispanic",0.3794727,11429.01707729,242.86252972,17.85783919,10579091.7947406,18541.6624689583
93,36,119,005200,36119005200,52,Census Tract,G5020,S,3257247,133790,+40.9412467,-073.8100334,005200,4979,380,4599,4471,4109,100,0,225,1,36,128,119,29,1,45,0,32,2,9,0,0,1,0,0,0,0,0,8,0,3,0,0,0,0,0,0,5,0,0,0,0,0,0,0,0,0,0,0,1,0,0,1,0,0,0,0,0,0,0,0,0,0,0,0,0,0,0,0,0,0,0,0,0,86,"White Alone, not Hispanic",1.30912736,3803.29686577,837.84151279,5.94265135,36496376.2969307,34907.5154784649
94,36,119,005300,36119005300,53,Census Tract,G5020,S,1202887,5908,+40.9167438,-073.8064384,005300,5355,927,4428,4157,3112,493,5,451,7,89,271,252,37,11,96,0,62,11,17,0,17,0,0,0,0,1,0,16,10,3,0,3,0,0,0,0,0,0,0,0,0,0,0,0,0,0,0,0,3,3,0,0,0,0,0,0,0,0,0,0,0,0,0,0,0,0,0,0,0,0,0,0,0,87,"White Alone, not Hispanic",0.46666176,11475.12071602,298.66352471,17.92987612,13009783.1365089,17449.5538410123
95,36,119,005400,36119005400,54,Census Tract,G5020,S,926499,0,+40.9059619,-073.8077147,005400,1971,166,1805,1699,1527,64,5,80,3,20,106,100,14,5,56,0,21,0,3,0,1,0,0,0,0,0,0,6,2,2,0,1,0,0,0,0,1,0,0,0,0,0,0,0,0,0,0,0,0,0,0,0,0,0,0,0,0,0,0,0,0,0,0,0,0,0,0,0,0,0,0,0,0,88,"White Alone, not Hispanic",0.35768087,5510.49883587,228.91575471,8.61015443,9971570.27512039,13535.5521861706
96,36,119,005500,36119005500,55,Census Tract,G5020,S,3503454,113499,+40.8930678,-073.8059277,005500,5752,563,5189,4923,4391,160,1,313,0,58,266,249,33,19,118,0,63,4,7,0,3,0,0,1,0,1,0,15,2,5,0,3,4,0,0,0,1,0,0,0,0,0,0,0,0,0,0,0,2,2,0,0,0,0,0,0,0,0,0,0,0,0,0,0,0,0,0,0,0,0,0,0,0,89,"White Alone, not Hispanic",1.39634672,4119.32074762,893.66189842,6.43643867,38927912.2951765,30184.8731210562
97,36,119,005600,36119005600,56,Census Tract,G5020,S,312476,190781,+40.8841800,-073.7702528,005600,0,0,0,0,0,0,0,0,0,0,0,0,0,0,0,0,0,0,0,0,0,0,0,0,0,0,0,0,0,0,0,0,0,0,0,0,0,0,0,0,0,0,0,0,0,0,0,0,0,0,0,0,0,0,0,0,0,0,0,0,0,0,0,0,0,0,0,0,0,0,0,0,0,90,,0.19428704,0,124.34370317,0,5416411.70990435,9415.43202375501
98,36,119,005702,36119005702,57.02,Census Tract,G5020,S,496852,16697,+40.8997489,-073.7795738,005702,3266,1008,2258,2187,1450,564,4,145,0,24,71,68,20,0,9,1,25,0,5,0,3,0,0,0,0,3,2,3,0,0,0,2,0,0,0,1,0,0,0,0,0,0,0,0,0,0,0,0,0,0,0,0,0,0,0,0,0,0,0,0,0,0,0,0,0,0,0,0,0,0,0,0,0,91,"White Alone, not Hispanic",0.19825989,16473.32731915,126.88632717,25.73957394,5527168.41134759,12366.0802424672
99,36,119,005703,36119005703,57.03,Census Tract,G5020,S,1128678,2351,+40.8957165,-073.7920230,005703,3291,1027,2264,2181,1563,408,6,185,0,19,83,82,16,6,11,0,16,4,8,0,13,1,0,0,7,0,0,1,1,0,0,0,0,0,0,0,0,0,0,0,0,0,0,0,0,0,0,0,0,0,0,0,0,0,0,0,0,0,0,0,0,0,0,0,0,0,0,0,0,0,0,0,0,92,"White Alone, not Hispanic",0.43664216,7537.06413371,279.45098547,11.77666271,12172884.9271408,14698.483638373
100,36,119,005704,36119005704,57.04,Census Tract,G5020,S,721539,498795,+40.8854726,-073.7831857,005704,3172,999,2173,2098,1494,401,1,162,3,37,75,70,24,3,6,0,21,0,1,0,13,0,0,0,0,2,0,5,2,0,0,1,0,0,0,0,0,0,0,0,0,0,2,0,0,0,0,0,0,0,0,0,0,0,0,0,0,0,0,0,0,0,0,0,0,0,0,0,0,0,0,0,0,93,"White Alone, not Hispanic",0.47112007,6732.89090005,301.51684171,10.52014203,13134073.6247178,19975.1071751598
101,36,119,005800,36119005800,58,Census Tract,G5020,S,580455,0,+40.9032220,-073.7855757,005800,4181,2304,1877,1767,1005,521,13,167,0,61,110,104,17,1,14,0,31,6,10,2,13,9,0,0,0,1,0,5,0,0,0,0,0,0,0,0,0,1,0,0,0,0,2,0,0,2,0,0,1,0,0,0,0,0,0,0,0,0,1,0,0,0,0,0,0,0,0,0,0,0,0,0,0,94,Hispanic or Latino,0.2240896,18657.71566043,143.41734263,29.15268072,6247259.44516976,11437.0292907234
102,36,119,005901,36119005901,59.01,Census Tract,G5020,S,448929,0,+40.9079691,-073.7767521,005901,5138,2185,2953,2803,1217,1185,3,330,3,65,150,132,29,6,11,1,49,16,8,0,10,1,0,0,0,1,0,15,6,1,0,5,0,0,0,0,1,0,0,0,0,0,2,0,0,0,0,0,3,3,0,0,0,0,0,0,0,0,0,0,0,0,0,0,0,0,0,0,0,0,0,0,0,95,Hispanic or Latino,0.17331216,29645.92909862,110.91978223,46.32176422,4831665.71386315,9013.42006858155
103,36,119,005902,36119005902,59.02,Census Tract,G5020,S,2554464,6400656,+40.8872296,-073.7571915,005902,5654,1167,4487,4293,2666,1182,1,387,0,57,194,184,68,2,28,0,51,12,9,0,12,0,1,0,0,1,0,10,5,3,0,0,0,0,0,0,2,0,0,0,0,0,0,0,0,0,0,0,0,0,0,0,0,0,0,0,0,0,0,0,0,0,0,0,0,0,0,0,0,0,0,0,0,96,"White Alone, not Hispanic",3.45721376,1635.42100666,2212.61680313,2.55534532,96381587.944364,67366.1978061713
104,36,119,006000,36119006000,60,Census Tract,G5020,S,917450,0,+40.9160316,-073.7762526,006000,4335,1383,2952,2804,1480,984,4,290,0,46,148,140,28,1,27,0,59,17,0,0,3,0,0,0,0,5,0,8,4,1,0,2,0,0,0,1,0,0,0,0,0,0,0,0,0,0,0,0,0,0,0,0,0,0,0,0,0,0,0,0,0,0,0,0,0,0,0,0,0,0,0,0,0,97,"White Alone, not Hispanic",0.35418811,12239.25905794,226.68038862,19.12384228,9874197.72816258,14646.8691430532
105,36,119,008404,36119008404,84.04,Census Tract,G5020,S,1149844,0,+40.9653659,-073.7149822,008404,5111,875,4236,4084,3191,156,1,682,0,54,152,139,18,14,33,0,64,0,0,0,7,0,0,0,0,3,0,13,6,0,0,4,0,0,0,0,0,0,0,3,0,0,0,0,0,0,0,0,0,0,0,0,0,0,0,0,0,0,0,0,0,0,0,0,0,0,0,0,0,0,0,0,0,128,"White Alone, not Hispanic",0.44391554,11513.4514981,284.10594339,17.98976797,12375654.8941904,17171.112867761
106,36,119,008500,36119008500,85,Census Tract,G5020,S,13175722,59956,+40.9986535,-073.7054587,008500,3726,238,3488,3365,3122,40,0,188,1,14,123,118,12,4,61,0,35,0,0,3,0,0,0,0,1,2,0,5,2,2,0,0,0,0,1,0,0,0,0,0,0,0,0,0,0,0,0,0,0,0,0,0,0,0,0,0,0,0,0,0,0,0,0,0,0,0,0,0,0,0,0,0,0,129,"White Alone, not Hispanic",5.10983386,729.18221996,3270.29367203,1.13934722,142453992.353536,66100.4550153459
107,36,119,008602,36119008602,86.02,Census Tract,G5020,S,20049752,1604519,+41.0478481,-073.7221062,008602,5387,429,4958,4790,3379,66,5,1310,1,29,168,166,27,7,76,0,46,0,4,0,2,0,0,2,0,1,1,2,0,0,0,0,0,0,0,0,0,0,2,0,0,0,0,0,0,0,0,0,0,0,0,0,0,0,0,0,0,0,0,0,0,0,0,0,0,0,0,0,0,0,0,0,0,130,"White Alone, not Hispanic",8.35993594,644.38292825,5350.35899989,1.00684833,233061638.03499,92383.8002658235
108,36,119,008700,36119008700,87,Census Tract,G5020,S,2265017,78393,+41.0437622,-073.7441155,008700,5745,1649,4096,3989,3657,82,4,217,0,29,107,101,18,7,17,0,49,0,4,0,6,0,0,0,0,0,0,5,0,1,0,1,1,0,0,0,0,0,0,0,1,1,0,0,0,0,0,0,1,0,0,0,0,0,0,1,0,0,0,0,0,0,0,0,0,0,0,0,0,0,0,0,0,131,"White Alone, not Hispanic",0.904701,6350.16430675,579.00864008,9.92213173,25221616.3618074,29564.0949781752
109,36,119,008801,36119008801,88.01,Census Tract,G5020,S,362216,0,+41.0353044,-073.7571328,008801,2031,1082,949,890,435,274,0,158,0,23,59,52,17,1,15,0,13,1,1,1,2,0,0,0,0,1,0,6,3,1,1,0,0,0,0,0,1,0,0,0,0,0,0,0,0,0,0,0,1,0,0,0,0,0,0,1,0,0,0,0,0,0,0,0,0,0,0,0,0,0,0,0,0,132,Hispanic or Latino,0.13983701,14524.05149323,89.4956893,22.69383046,3898432.22595993,9185.32407295277
110,36,119,008802,36119008802,88.02,Census Tract,G5020,S,106271,0,+41.0351043,-073.7617641,008802,2637,616,2021,1906,1179,339,4,369,1,14,115,107,34,3,38,0,20,0,2,0,3,5,0,0,1,0,1,7,4,0,0,1,0,0,0,0,1,0,0,0,0,1,0,0,0,0,0,0,1,0,0,1,0,0,0,0,0,0,0,0,0,0,0,0,0,0,0,0,0,0,0,0,0,133,"White Alone, not Hispanic",0.04102703,64274.69295462,26.25730163,100.42920775,1143768.05879723,4431.29070266488
111,36,119,008901,36119008901,89.01,Census Tract,G5020,S,1107327,0,+41.0427566,-073.7663085,008901,5676,1448,4228,4015,2739,521,5,700,0,50,213,193,47,27,41,0,58,2,5,0,11,0,0,0,1,1,0,18,10,0,0,4,1,0,0,0,1,0,0,0,0,0,0,0,2,0,0,0,2,0,0,0,0,2,0,0,0,0,0,0,0,0,0,0,0,0,0,0,0,0,0,0,0,134,"White Alone, not Hispanic",0.42749516,13277.34320806,273.59690434,20.74584877,11917881.1528683,18968.3888766586
112,36,119,008902,36119008902,89.02,Census Tract,G5020,S,3329997,282541,+41.0533963,-073.7563229,008902,3827,1523,2304,2200,1274,573,4,311,2,36,104,96,31,6,25,0,19,1,8,0,5,0,0,0,0,1,0,8,4,2,0,2,0,0,0,0,0,0,0,0,0,0,0,0,0,0,0,0,0,0,0,0,0,0,0,0,0,0,0,0,0,0,0,0,0,0,0,0,0,0,0,0,0,135,Hispanic or Latino,1.39465767,2744.04255361,892.58091004,4.28756649,38880824.4412784,36619.4824578663
113,36,119,009000,36119009000,90,Census Tract,G5020,S,1235262,12500,+41.0408993,-073.7727445,009000,4199,1461,2738,2619,1485,598,1,511,0,24,119,111,16,8,31,0,33,4,5,0,11,0,0,0,0,3,0,5,2,1,1,1,0,0,0,0,0,0,0,0,0,0,0,0,0,0,0,0,2,0,0,0,0,0,0,0,0,0,1,1,0,0,0,0,1,0,1,0,0,0,0,0,0,136,"White Alone, not Hispanic",0.48170914,8716.87844321,308.29384821,13.62012257,13429280.0281143,23823.3609171942
114,36,119,009100,36119009100,91,Census Tract,G5020,S,1074053,0,+41.0302656,-073.7830636,009100,5811,3315,2496,2336,1234,719,4,307,0,72,160,152,35,5,29,0,47,2,11,0,18,0,0,0,4,1,0,7,2,1,0,4,0,0,0,0,0,0,0,0,0,0,0,0,0,0,0,0,1,0,0,1,0,0,0,0,0,0,0,0,0,0,0,0,0,0,0,0,0,0,0,0,0,137,Hispanic or Latino,0.41464614,14014.35929841,265.37353013,21.89743641,11559670.9724235,14907.6873065598
115,36,119,009201,36119009201,92.01,Census Tract,G5020,S,822311,0,+41.0246099,-073.7780128,009201,4265,1717,2548,2424,1211,683,2,484,0,44,124,114,27,2,38,1,36,3,0,0,3,1,0,0,0,2,1,9,2,0,0,6,1,0,0,0,0,0,0,0,0,0,0,0,0,0,0,0,1,0,0,0,1,0,0,0,0,0,0,0,0,0,0,0,0,0,0,0,0,0,0,0,0,138,Hispanic or Latino,0.31746034,13434.74896739,203.17461876,20.99179526,8850286.3933859,15105.6268227365
116,36,119,009202,36119009202,92.02,Census Tract,G5020,S,440256,0,+41.0200186,-073.7753069,009202,3212,2060,1152,1066,578,364,2,85,0,37,86,74,19,7,7,0,17,9,4,0,6,0,0,0,2,3,0,9,6,3,0,0,0,0,0,0,0,0,0,0,0,0,0,0,0,0,0,0,3,1,0,1,0,1,0,0,0,0,0,0,0,0,0,0,0,0,0,0,0,0,0,0,0,139,Hispanic or Latino,0.1699647,18898.04142751,108.77740996,29.52818973,4738343.97769936,11592.4313989279
117,36,119,009300,36119009300,93,Census Tract,G5020,S,555583,0,+41.0295908,-073.7698819,009300,3679,1151,2528,2438,1027,972,0,403,0,36,90,82,14,2,24,1,23,13,0,5,0,0,0,0,0,0,0,7,0,7,0,0,0,0,0,0,0,0,0,0,0,0,0,0,0,0,0,0,1,1,0,0,0,0,0,0,0,0,0,0,0,0,0,0,0,0,0,0,0,0,0,0,0,140,Hispanic or Latino,0.21448717,17152.54071545,137.2717919,26.80084487,5979559.25528049,12044.9577763357
118,36,119,009400,36119009400,94,Census Tract,G5020,S,684172,0,+41.0290170,-073.7619559,009400,4290,1959,2331,2203,1298,471,4,399,2,29,128,113,27,12,34,0,24,5,0,0,3,0,0,0,7,0,1,12,12,0,0,0,0,0,0,0,0,0,0,0,0,0,0,0,0,0,0,0,3,3,0,0,0,0,0,0,0,0,0,0,0,0,0,0,0,0,0,0,0,0,0,0,0,141,Hispanic or Latino,0.2641313,16241.92187541,169.04403436,25.37800293,7363558.1368907,12922.0891965174
119,36,119,009500,36119009500,95,Census Tract,G5020,S,648957,0,+41.0223177,-073.7648448,009500,5175,1722,3453,3329,2292,666,5,307,0,59,124,117,24,8,29,0,36,0,5,0,13,0,0,0,0,2,0,7,3,3,0,0,0,0,0,0,0,0,0,0,1,0,0,0,0,0,0,0,0,0,0,0,0,0,0,0,0,0,0,0,0,0,0,0,0,0,0,0,0,0,0,0,0,142,"White Alone, not Hispanic",0.25053538,20655.76560409,160.34264055,32.27463376,6984525.42241976,11236.3092968597
120,36,119,009600,36119009600,96,Census Tract,G5020,S,2177598,0,+41.0120217,-073.7670925,009600,4541,479,4062,3926,3557,182,1,142,0,44,136,133,26,1,56,0,47,0,2,0,1,0,0,0,0,0,0,3,0,2,0,1,0,0,0,0,0,0,0,0,0,0,0,0,0,0,0,0,0,0,0,0,0,0,0,0,0,0,0,0,0,0,0,0,0,0,0,0,0,0,0,0,0,143,"White Alone, not Hispanic",0.84068256,5401.56319769,538.03684105,8.4399425,23436884.7961871,23846.4730788718
121,36,119,006700,36119006700,67,Census Tract,G5020,S,3753917,139866,+40.9418138,-073.7797387,006700,5214,365,4849,4660,4025,420,1,190,0,24,189,184,66,19,55,0,26,2,12,0,3,0,0,0,0,1,0,4,1,3,0,0,0,0,0,0,0,0,0,0,0,0,0,0,0,0,0,0,0,0,0,0,0,0,0,0,0,0,0,0,0,0,0,0,1,1,0,0,0,0,0,0,0,105,"White Alone, not Hispanic",1.50322692,3468.53819538,962.06523083,5.41959093,41907561.4547608,32138.3554698819
122,36,119,006801,36119006801,68.01,Census Tract,G5020,S,3523955,8494,+40.9740978,-073.7847261,006801,5595,381,5214,5068,4260,320,4,413,6,65,146,134,26,2,50,1,40,2,2,0,3,0,0,0,7,1,0,11,6,1,0,2,0,0,1,0,0,0,1,0,0,0,0,0,0,0,0,0,1,1,0,0,0,0,0,0,0,0,0,0,0,0,0,0,0,0,0,0,0,0,0,0,0,106,"White Alone, not Hispanic",1.36373067,4102.71627229,872.787627,6.41049418,38018629.0320491,29288.0416548399
123,36,119,006802,36119006802,68.02,Census Tract,G5020,S,4900692,80675,+40.9540177,-073.7857383,006802,5486,488,4998,4821,4047,443,0,282,1,48,177,163,34,6,40,0,59,0,5,3,13,2,0,0,0,1,0,10,4,0,0,5,0,0,0,0,0,0,0,0,0,0,1,0,0,0,0,0,4,0,0,4,0,0,0,0,0,0,0,0,0,0,0,0,0,0,0,0,0,0,0,0,0,107,"White Alone, not Hispanic",1.92309216,2852.6973973,1230.77898233,4.45733968,53612732.470326,41543.998179247
124,36,119,006900,36119006900,69,Census Tract,G5020,S,6736607,213121,+40.9572517,-073.7550751,006900,6249,580,5669,5366,4684,179,0,464,1,38,303,284,45,11,126,3,89,2,2,0,4,0,0,0,2,0,0,18,4,2,0,0,0,0,0,1,8,0,0,0,0,0,3,0,0,0,0,0,1,0,0,0,0,1,0,0,0,0,0,0,0,0,0,0,0,0,0,0,0,0,0,0,0,108,"White Alone, not Hispanic",2.68301839,2329.09324182,1717.13176942,3.63920819,74798259.8760028,61809.6935118349
125,36,119,007200,36119007200,72,Census Tract,G5020,S,3602393,7956100,+40.9283295,-073.7301900,007200,7022,1584,5438,5196,4589,285,2,259,0,61,242,229,48,13,101,5,57,0,4,0,1,0,0,0,0,0,0,11,2,7,0,1,0,0,0,0,0,0,0,0,0,1,0,0,0,0,0,0,2,0,0,1,0,0,0,0,0,0,0,0,0,1,0,0,0,0,0,0,0,0,0,0,0,111,"White Alone, not Hispanic",4.46232045,1573.62073659,2855.88509031,2.4587824,124402354.533863,56247.4933712097
126,36,119,007000,36119007000,70,Census Tract,G5020,S,2451160,4288937,+40.9105687,-073.7588739,007000,6601,530,6071,5789,5305,63,4,351,4,62,282,276,36,14,122,0,92,2,3,0,5,0,0,0,0,2,0,6,1,3,0,2,0,0,0,0,0,0,0,0,0,0,0,0,0,0,0,0,0,0,0,0,0,0,0,0,0,0,0,0,0,0,0,0,0,0,0,0,0,0,0,0,0,109,"White Alone, not Hispanic",2.60208979,2536.80715879,1665.3374636,3.96376119,72542099.9143942,75681.3041692014
127,36,119,007100,36119007100,71,Census Tract,G5020,S,2838001,6735486,+40.9183259,-073.7453488,007100,6630,645,5985,5703,5259,149,3,262,0,30,282,275,19,19,115,0,106,0,7,0,0,0,0,0,0,9,0,7,1,2,0,0,0,0,0,4,0,0,0,0,0,0,0,0,0,0,0,0,0,0,0,0,0,0,0,0,0,0,0,0,0,0,0,0,0,0,0,0,0,0,0,0,0,110,"White Alone, not Hispanic",3.69596196,1793.84962971,2365.41565646,2.80289005,103037505.995517,61944.1405986432
128,36,119,007300,36119007300,73,Census Tract,G5020,S,1725028,6755,+40.9579066,-073.7407539,007300,5256,2332,2924,2784,2253,245,3,208,0,75,140,135,32,11,34,1,34,8,3,1,6,0,1,0,0,4,0,4,0,2,1,0,0,0,0,0,0,0,0,0,1,0,0,0,0,0,0,0,1,0,0,0,1,0,0,0,0,0,0,0,0,0,0,0,0,0,0,0,0,0,0,0,0,112,Hispanic or Latino,0.6685767,7861.47643392,427.88909028,12.28355693,18638848.7725604,24454.4368227447
129,36,119,007401,36119007401,74.01,Census Tract,G5020,S,1229307,0,+40.9575389,-073.7293171,007401,4849,1277,3572,3366,2814,205,0,310,0,37,206,186,40,11,52,0,67,2,2,0,10,0,0,0,0,2,0,18,1,13,0,0,0,0,0,2,0,0,0,0,0,0,2,0,0,0,0,0,2,0,0,2,0,0,0,0,0,0,0,0,0,0,0,0,0,0,0,0,0,0,0,0,0,113,"White Alone, not Hispanic",0.47458986,10217.24309446,303.73751225,15.96444234,13230806.0337443,15830.8102968478
130,36,119,007402,36119007402,74.02,Census Tract,G5020,S,1754886,859808,+40.9481396,-073.7196368,007402,3024,350,2674,2580,2317,60,0,194,0,9,94,89,21,0,41,0,26,0,0,0,1,0,0,0,0,0,0,5,2,1,0,0,0,0,0,2,0,0,0,0,0,0,0,0,0,0,0,0,0,0,0,0,0,0,0,0,0,0,0,0,0,0,0,0,0,0,0,0,0,0,0,0,0,114,"White Alone, not Hispanic",1.00944085,2995.71788028,646.04214318,4.68080919,28141595.7570717,26907.8400049299
131,36,119,007500,36119007500,75,Census Tract,G5020,S,5035639,1637281,+40.9512657,-073.7011275,007500,5056,322,4734,4469,4015,26,6,400,3,19,265,265,33,16,132,3,74,1,4,0,1,0,0,0,1,0,0,0,0,0,0,0,0,0,0,0,0,0,0,0,0,0,0,0,0,0,0,0,0,0,0,0,0,0,0,0,0,0,0,0,0,0,0,0,0,0,0,0,0,0,0,0,0,115,"White Alone, not Hispanic",2.5761868,1962.59059735,1648.75955482,3.06654781,71819966.2079711,45320.2598806656
132,36,119,007600,36119007600,76,Census Tract,G5020,S,5682221,35058506,+40.9447383,-073.6863743,007600,6555,425,6130,5888,5441,56,3,374,1,13,242,235,30,17,100,3,80,2,0,0,0,0,0,0,3,0,0,7,0,0,0,7,0,0,0,0,0,0,0,0,0,0,0,0,0,0,0,0,0,0,0,0,0,0,0,0,0,0,0,0,0,0,0,0,0,0,0,0,0,0,0,0,0,116,"White Alone, not Hispanic",15.72875495,416.75263053,10066.40316619,0.65117599,438492521.919147,96216.8318701858
133,36,119,007700,36119007700,77,Census Tract,G5020,S,4440123,5072,+40.9846266,-073.6857078,007700,4981,641,4340,4142,3596,107,3,411,0,25,198,194,20,11,85,5,63,3,0,0,4,0,0,0,0,3,0,4,1,1,0,1,0,0,1,0,0,0,0,0,0,0,0,0,0,0,0,0,0,0,0,0,0,0,0,0,0,0,0,0,0,0,0,0,0,0,0,0,0,0,0,0,0,117,"White Alone, not Hispanic",1.71614572,2902.43418551,1098.33325955,4.53505342,47843396.7858603,42727.162638116
134,36,119,007800,36119007800,78,Census Tract,G5020,S,1150027,136522,+40.9918616,-073.6643569,007800,4761,3579,1182,1133,531,471,6,90,0,35,49,44,15,2,3,0,19,2,0,0,2,0,0,0,1,0,0,2,0,0,0,0,0,0,0,0,2,0,0,0,0,0,0,0,0,0,0,0,3,3,0,0,0,0,0,0,0,0,0,0,0,0,0,0,0,0,0,0,0,0,0,0,0,118,Hispanic or Latino,0.49669833,9585.29501375,317.88692943,14.97702346,13847154.6459842,16013.0075358205
135,36,119,007901,36119007901,79.01,Census Tract,G5020,S,638187,0,+40.9979993,-073.6760203,007901,3620,2584,1036,952,746,107,7,61,0,31,84,78,9,1,6,0,60,1,0,0,1,0,0,0,0,0,0,6,5,1,0,0,0,0,0,0,0,0,0,0,0,0,0,0,0,0,0,0,0,0,0,0,0,0,0,0,0,0,0,0,0,0,0,0,0,0,0,0,0,0,0,0,0,119,Hispanic or Latino,0.24638396,14692.51496122,157.68573357,22.95705463,6868790.55445601,13268.3127431749
136,36,119,007902,36119007902,79.02,Census Tract,G5020,S,408830,0,+41.0014249,-073.6713664,007902,5089,3945,1144,1072,753,173,0,80,0,66,72,70,9,7,6,0,33,1,4,0,7,0,0,0,1,2,0,1,0,0,0,1,0,0,0,0,0,0,0,0,0,0,0,0,0,0,0,0,0,0,0,0,0,0,0,0,0,0,0,0,0,0,0,0,1,0,1,0,0,0,0,0,0,120,Hispanic or Latino,0.15783719,32242.08458813,101.01580097,50.37825718,4400248.2902097,10239.3691087976
137,36,119,008000,36119008000,80,Census Tract,G5020,S,823398,32033,+41.0018282,-073.6641510,008000,5963,4778,1185,1093,647,271,6,97,0,72,92,75,5,8,12,0,34,4,6,0,2,0,0,0,1,3,0,17,9,1,0,2,1,0,0,0,4,0,0,0,0,0,0,0,0,0,0,0,0,0,0,0,0,0,0,0,0,0,0,0,0,0,0,0,0,0,0,0,0,0,0,0,0,121,Hispanic or Latino,0.33025611,18055.68419742,211.36390944,28.21200656,9207011.89501989,16011.4174482161
138,36,119,008100,36119008100,81,Census Tract,G5020,S,755901,16635,+41.0115471,-073.6611743,008100,5026,3179,1847,1694,1362,122,1,114,0,95,153,150,22,0,13,1,110,0,0,0,3,0,0,0,1,0,0,3,0,0,0,0,0,0,1,2,0,0,0,0,0,0,0,0,0,0,0,0,0,0,0,0,0,0,0,0,0,0,0,0,0,0,0,0,0,0,0,0,0,0,0,0,0,122,Hispanic or Latino,0.29825524,16851.33825686,190.883356,26.33021603,8314878.987422,15913.7968685878
139,36,119,008200,36119008200,82,Census Tract,G5020,S,2259438,0,+41.0141394,-073.6704969,008200,7401,2691,4710,4523,3975,189,6,293,0,60,187,181,37,13,27,1,91,0,3,0,5,3,0,0,0,1,0,6,1,3,0,2,0,0,0,0,0,0,0,0,0,0,0,0,0,0,0,0,0,0,0,0,0,0,0,0,0,0,0,0,0,0,0,0,0,0,0,0,0,0,0,0,0,123,"White Alone, not Hispanic",0.87230009,8484.46550895,558.27205549,13.25697736,24318330.736975,26505.7188807843
140,36,119,008301,36119008301,83.01,Census Tract,G5020,S,992608,3660,+41.0049575,-073.6802596,008301,2779,1095,1684,1566,1341,98,0,99,0,28,118,113,9,7,31,0,58,3,0,0,4,0,0,0,0,1,0,5,0,3,0,0,2,0,0,0,0,0,0,0,0,0,0,0,0,0,0,0,0,0,0,0,0,0,0,0,0,0,0,0,0,0,0,0,0,0,0,0,0,0,0,0,0,124,"White Alone, not Hispanic",0.38462791,7225.1647555,246.16186066,11.28931993,10722810.6502375,26824.6847147388
141,36,119,008302,36119008302,83.02,Census Tract,G5020,S,7881068,54781,+41.0283588,-073.6883388,008302,7101,440,6661,6449,5730,61,1,623,0,34,212,202,24,16,81,0,75,0,2,0,1,0,0,0,0,3,0,10,4,2,0,0,4,0,0,0,0,0,0,0,0,0,0,0,0,0,0,0,0,0,0,0,0,0,0,0,0,0,0,0,0,0,0,0,0,0,0,0,0,0,0,0,0,125,"White Alone, not Hispanic",3.06377504,2317.72891723,1960.81602366,3.62145143,85413145.9908388,68344.6737427468
142,36,119,008401,36119008401,84.01,Census Tract,G5020,S,3624808,3801,+40.9750474,-073.7249262,008401,2233,147,2086,2000,1849,27,0,110,1,13,86,79,11,7,32,0,24,0,0,0,2,0,0,0,0,3,0,6,1,2,0,3,0,0,0,0,0,0,0,0,0,0,0,0,0,0,0,0,1,0,0,0,0,0,0,1,0,0,0,0,0,0,0,0,0,0,0,0,0,0,0,0,0,126,"White Alone, not Hispanic",1.40087386,1594.0050474,896.55926883,2.49063289,39054121.7503708,38752.0712386309
143,36,119,008403,36119008403,84.03,Census Tract,G5020,S,1285793,0,+40.9705037,-073.7187588,008403,3883,579,3304,3184,2457,67,0,617,0,43,120,111,4,8,36,0,50,0,4,0,7,0,0,0,2,0,0,9,0,2,0,1,0,0,1,0,5,0,0,0,0,0,0,0,0,0,0,0,0,0,0,0,0,0,0,0,0,0,0,0,0,0,0,0,0,0,0,0,0,0,0,0,0,127,"White Alone, not Hispanic",0.49639725,7822.36397448,317.69424279,12.22244371,13838761.2158099,17678.3061325671
144,36,119,011700,36119011700,117,Census Tract,G5020,S,5498101,3346529,+41.1000829,-073.8650341,011700,2966,433,2533,2394,2212,32,0,128,0,22,139,135,18,8,59,0,47,0,1,0,0,2,0,0,0,0,0,3,2,1,0,0,0,0,0,0,0,0,0,0,0,0,0,0,0,0,0,0,1,0,0,0,0,0,0,1,0,0,0,0,0,0,0,0,0,0,0,0,0,0,0,0,0,174,"White Alone, not Hispanic",3.41447332,868.65519904,2185.26292348,1.35727375,95190052.9467663,57971.5975745111
145,36,119,011800,36119011800,118,Census Tract,G5020,S,28842513,4389718,+41.1158766,-073.8226430,011800,6722,549,6173,5935,5052,270,6,578,2,27,238,230,31,12,108,7,59,0,3,0,5,2,0,0,1,2,0,7,2,5,0,0,0,0,0,0,0,0,0,0,0,0,0,0,0,0,0,0,1,1,0,0,0,0,0,0,0,0,0,0,0,0,0,0,0,0,0,0,0,0,0,0,0,175,"White Alone, not Hispanic",12.82942765,523.95166679,8210.83369354,0.81867448,357663915.690727,144466.12256667
146,36,119,011902,36119011902,119.02,Census Tract,G5020,S,7580472,35275,+41.0843068,-073.7853084,011902,4528,668,3860,3685,3260,111,6,267,0,41,175,174,27,16,58,0,63,5,0,0,2,0,0,1,0,2,0,1,0,1,0,0,0,0,0,0,0,0,0,0,0,0,0,0,0,0,0,0,0,0,0,0,0,0,0,0,0,0,0,0,0,0,0,0,0,0,0,0,0,0,0,0,0,176,"White Alone, not Hispanic",2.94011754,1540.07448078,1881.67522791,2.40636638,81965772.9276275,49892.5175526279
147,36,119,012000,36119012000,120,Census Tract,G5020,S,4310746,10073,+41.1031826,-073.7942559,012000,4625,499,4126,4066,3781,60,0,200,0,25,60,58,11,2,24,0,12,4,1,0,3,1,0,0,0,0,0,2,2,0,0,0,0,0,0,0,0,0,0,0,0,0,0,0,0,0,0,0,0,0,0,0,0,0,0,0,0,0,0,0,0,0,0,0,0,0,0,0,0,0,0,0,0,177,"White Alone, not Hispanic",1.66808059,2772.64780714,1067.57157977,4.3322622,46503418.014752,39661.943795896
148,36,119,012101,36119012101,121.01,Census Tract,G5020,S,10445786,2443031,+41.1168587,-073.7604532,012101,5683,336,5347,5175,4712,38,3,405,0,17,172,170,26,13,97,1,28,2,0,0,3,0,0,0,0,0,0,2,2,0,0,0,0,0,0,0,0,0,0,0,0,0,0,0,0,0,0,0,0,0,0,0,0,0,0,0,0,0,0,0,0,0,0,0,0,0,0,0,0,0,0,0,0,178,"White Alone, not Hispanic",4.97585924,1142.11430163,3184.54991267,1.7845536,138718994.196025,91016.2210896862
149,36,119,012102,36119012102,121.02,Census Tract,G5020,S,4203662,0,+41.1199293,-073.7758415,012102,4659,647,4012,3908,3627,42,5,212,0,22,104,95,8,2,42,0,38,0,2,0,0,0,0,0,0,3,0,9,3,4,0,2,0,0,0,0,0,0,0,0,0,0,0,0,0,0,0,0,0,0,0,0,0,0,0,0,0,0,0,0,0,0,0,0,0,0,0,0,0,0,0,0,0,179,"White Alone, not Hispanic",1.62286078,2870.85624395,1038.63089832,4.48571288,45242761.9310384,40821.6860063904
150,36,119,009701,36119009701,97.01,Census Tract,G5020,S,2366388,0,+41.0020273,-073.7550271,009701,3100,320,2780,2656,2340,115,1,171,3,26,124,118,20,1,41,0,48,0,4,0,3,0,0,0,0,1,0,6,3,2,0,0,1,0,0,0,0,0,0,0,0,0,0,0,0,0,0,0,0,0,0,0,0,0,0,0,0,0,0,0,0,0,0,0,0,0,0,0,0,0,0,0,0,144,"White Alone, not Hispanic",0.91356898,3393.28510514,584.68414479,5.30200798,25468841.3472627,31220.1437167296
151,36,119,009702,36119009702,97.02,Census Tract,G5020,S,4777054,18318,+41.0161957,-073.7425573,009702,2826,232,2594,2510,2222,115,0,158,1,14,84,78,15,3,31,0,17,2,3,2,4,1,0,0,0,0,0,6,5,1,0,0,0,0,0,0,0,0,0,0,0,0,0,0,0,0,0,0,0,0,0,0,0,0,0,0,0,0,0,0,0,0,0,0,0,0,0,0,0,0,0,0,0,145,"White Alone, not Hispanic",1.85131075,1526.48603118,1184.83888016,2.38513442,51611581.6199045,30527.1652235914
152,36,119,009703,36119009703,97.03,Census Tract,G5020,S,5530554,5394,+41.0022500,-073.7343406,009703,4290,341,3949,3806,3371,154,0,242,4,35,143,137,36,13,43,0,39,0,2,0,4,0,0,0,0,0,0,4,1,1,0,0,0,0,0,0,2,0,0,0,0,0,0,0,0,0,0,0,2,1,0,1,0,0,0,0,0,0,0,0,0,0,0,0,0,0,0,0,0,0,0,0,0,146,"White Alone, not Hispanic",2.13722344,2007.27725857,1367.822999,3.13637072,59582369.8364592,34775.8178149197
153,36,119,009800,36119009800,98,Census Tract,G5020,S,6657766,6520,+40.9846550,-073.7642065,009800,4815,273,4542,4358,3320,39,4,973,0,22,184,176,12,1,84,0,70,0,1,0,0,6,0,0,0,2,0,8,3,0,0,2,0,0,0,2,1,0,0,0,0,0,0,0,0,0,0,0,0,0,0,0,0,0,0,0,0,0,0,0,0,0,0,0,0,0,0,0,0,0,0,0,0,147,"White Alone, not Hispanic",2.57281313,1871.49231417,1646.60040347,2.92420674,71725913.5752622,40720.3343386006
154,36,119,009900,36119009900,99,Census Tract,G5020,S,4966607,11067,+40.9936138,-073.7772011,009900,3126,163,2963,2839,2254,54,3,501,0,27,124,117,17,0,51,0,45,0,0,0,0,1,0,1,0,2,0,7,7,0,0,0,0,0,0,0,0,0,0,0,0,0,0,0,0,0,0,0,0,0,0,0,0,0,0,0,0,0,0,0,0,0,0,0,0,0,0,0,0,0,0,0,0,148,"White Alone, not Hispanic",1.92167493,1626.70592608,1229.87195637,2.54172801,53573222.419324,33478.1045904393
155,36,119,010000,36119010000,100,Census Tract,G5020,S,3804390,0,+41.0039445,-073.7929026,010000,5616,228,5388,5040,3791,86,0,1138,0,25,348,341,37,5,164,0,122,4,0,0,8,0,0,0,0,1,0,4,0,0,0,0,0,0,0,2,2,0,0,0,0,0,0,0,0,0,0,0,3,0,0,3,0,0,0,0,0,0,0,0,0,0,0,0,0,0,0,0,0,0,0,0,0,149,"White Alone, not Hispanic",1.46871073,3823.76181857,939.97486509,5.97462784,40945305.1232073,31877.7417859016
156,36,119,010100,36119010100,101,Census Tract,G5020,S,1853263,3266,+40.9826939,-073.7984415,010100,4696,258,4438,4182,2884,41,0,1204,0,53,256,248,23,0,162,0,59,0,0,0,0,0,0,0,0,4,0,8,1,0,0,0,0,0,0,2,5,0,0,0,0,0,0,0,0,0,0,0,0,0,0,0,0,0,0,0,0,0,0,0,0,0,0,0,0,0,0,0,0,0,0,0,0,150,"White Alone, not Hispanic",0.71672403,6552.03373886,458.7033766,10.23755272,19981119.0846813,20249.7352615371
157,36,119,010200,36119010200,102,Census Tract,G5020,S,3462884,0,+40.9907973,-073.8709719,010200,5273,462,4811,4486,4045,120,0,283,1,37,325,318,34,22,157,0,96,0,3,0,0,4,0,0,0,1,1,7,2,0,0,2,0,0,1,0,2,0,0,0,0,0,0,0,0,0,0,0,0,0,0,0,0,0,0,0,0,0,0,0,0,0,0,0,0,0,0,0,0,0,0,0,0,151,"White Alone, not Hispanic",1.33684522,3944.36088686,855.58094109,6.16306389,37269105.793726,27344.8728659021
158,36,119,010300,36119010300,103,Census Tract,G5020,S,1662711,2431182,+40.9913404,-073.8855628,010300,3317,509,2808,2660,2332,100,4,206,0,18,148,135,29,19,57,0,30,0,0,0,0,0,0,0,0,0,0,13,10,1,0,0,0,0,0,2,0,0,0,0,0,0,0,0,0,0,0,0,0,0,0,0,0,0,0,0,0,0,0,0,0,0,0,0,0,0,0,0,0,0,0,0,0,152,"White Alone, not Hispanic",1.58044237,2098.77946631,1011.48311855,3.27934292,44060204.6439885,31294.0519090527
159,36,119,010400,36119010400,104,Census Tract,G5020,S,1750496,1946439,+41.0157238,-073.8792118,010400,3913,680,3233,3092,2635,129,3,299,2,24,141,136,32,11,57,0,25,0,6,0,3,0,0,0,1,1,0,5,3,2,0,0,0,0,0,0,0,0,0,0,0,0,0,0,0,0,0,0,0,0,0,0,0,0,0,0,0,0,0,0,0,0,0,0,0,0,0,0,0,0,0,0,0,153,"White Alone, not Hispanic",1.4271999,2741.73224536,913.40793905,4.28395663,39788049.8252216,30667.2507302547
160,36,119,010500,36119010500,105,Census Tract,G5020,S,4524334,1772,+41.0115337,-073.8610754,010500,7628,1023,6605,6260,5113,336,4,755,0,52,345,327,65,26,134,0,77,0,7,0,10,0,0,0,1,7,0,18,8,9,1,0,0,0,0,0,0,0,0,0,0,0,0,0,0,0,0,0,0,0,0,0,0,0,0,0,0,0,0,0,0,0,0,0,0,0,0,0,0,0,0,0,0,154,"White Alone, not Hispanic",1.74730552,4365.57884953,1118.27552946,6.82121695,48712082.0634257,33601.3442074588
161,36,119,010600,36119010600,106,Census Tract,G5020,S,3423568,0,+41.0134740,-073.8392858,010600,5091,531,4560,4352,3242,179,3,895,2,31,208,207,29,10,98,0,39,2,3,1,6,18,0,0,0,0,1,1,0,0,0,0,0,0,0,0,1,0,0,0,0,0,0,0,0,0,0,0,0,0,0,0,0,0,0,0,0,0,0,0,0,0,0,0,0,0,0,0,0,0,0,0,0,155,"White Alone, not Hispanic",1.32167788,3851.92192746,845.87384193,6.01862801,36846264.5542655,31399.88631682
162,36,119,010701,36119010701,107.01,Census Tract,G5020,S,8614219,67575,+40.9974144,-073.8371374,010701,6372,491,5881,5623,3609,128,3,1814,1,68,258,252,29,4,143,1,53,4,1,0,3,2,0,0,10,2,0,5,4,0,0,0,0,0,0,0,1,0,0,0,0,0,0,0,0,0,0,0,1,0,0,1,0,0,0,0,0,0,0,0,0,0,0,0,0,0,0,0,0,0,0,0,0,156,"White Alone, not Hispanic",3.35163055,1901.16419482,2145.04355309,2.97056905,93438097.1726261,54246.165414857
163,36,119,010702,36119010702,107.02,Census Tract,G5020,S,3209632,21290,+41.0036531,-073.8088704,010702,5479,507,4972,4700,3117,150,8,1379,0,46,272,266,32,16,131,0,65,0,4,0,11,0,0,0,0,7,0,3,1,0,0,0,0,0,0,0,0,0,0,1,0,0,1,0,0,0,0,0,3,3,0,0,0,0,0,0,0,0,0,0,0,0,0,0,0,0,0,0,0,0,0,0,0,157,"White Alone, not Hispanic",1.24731561,4392.6332178,798.28199298,6.8634894,34773163.614314,30963.9633811752
164,36,119,010801,36119010801,108.01,Census Tract,G5020,S,4731767,682,+41.0158183,-073.8177111,010801,3381,442,2939,2825,1923,287,1,581,0,33,114,103,31,4,20,0,29,2,5,0,12,0,0,0,0,0,0,11,4,3,0,3,0,0,0,0,1,0,0,0,0,0,0,0,0,0,0,0,0,0,0,0,0,0,0,0,0,0,0,0,0,0,0,0,0,0,0,0,0,0,0,0,0,158,"White Alone, not Hispanic",1.82698646,1850.58842986,1169.27133273,2.89154442,50933459.253795,34978.4111500281
165,36,119,010803,36119010803,108.03,Census Tract,G5020,S,2808520,0,+41.0311671,-073.7984078,010803,3770,696,3074,2948,1992,542,2,369,0,43,126,118,39,7,30,0,27,0,2,0,12,0,0,0,1,0,0,8,4,0,0,4,0,0,0,0,0,0,0,0,0,0,0,0,0,0,0,0,0,0,0,0,0,0,0,0,0,0,0,0,0,0,0,0,0,0,0,0,0,0,0,0,0,159,"White Alone, not Hispanic",1.0842471,3477.06718169,693.91814239,5.43291747,30227074.28252,24868.2665279701
166,36,119,010804,36119010804,108.04,Census Tract,G5020,S,1042288,0,+41.0198351,-073.7919500,010804,2591,473,2118,2038,1518,172,0,324,1,23,80,72,9,3,25,0,22,2,5,0,1,0,0,0,1,4,0,6,0,1,0,0,0,1,2,0,2,0,0,0,0,0,0,0,0,0,0,0,2,2,0,0,0,0,0,0,0,0,0,0,0,0,0,0,0,0,0,0,0,0,0,0,0,160,"White Alone, not Hispanic",0.40238308,6439.1374781,257.52517405,10.06115231,11217796.581649,16707.1844897868
167,36,119,010901,36119010901,109.01,Census Tract,G5020,S,3143597,0,+41.0613872,-073.7917758,010901,2368,374,1994,1884,1217,476,1,162,0,28,110,94,23,12,15,0,32,4,0,0,1,0,0,0,5,2,0,16,8,1,0,6,1,0,0,0,0,0,0,0,0,0,0,0,0,0,0,0,0,0,0,0,0,0,0,0,0,0,0,0,0,0,0,0,0,0,0,0,0,0,0,0,0,161,"White Alone, not Hispanic",1.21360753,1951.20740939,776.70881758,3.04876158,33833436.0937659,26829.4214430799
168,36,119,010902,36119010902,109.02,Census Tract,G5020,S,3545823,13696,+41.0498410,-073.7814486,010902,5938,1451,4487,4292,1661,1977,8,554,1,91,195,183,53,0,27,0,39,14,8,0,39,0,0,0,0,3,0,12,7,0,0,3,2,0,0,0,0,0,0,0,0,0,0,0,0,0,0,0,0,0,0,0,0,0,0,0,0,0,0,0,0,0,0,0,0,0,0,0,0,0,0,0,0,162,"Black or African American Alone, not Hispanic",1.37418183,4321.11667076,879.47636897,6.7517448,38309990.6324159,30711.4163788498
169,36,119,010903,36119010903,109.03,Census Tract,G5020,S,2254682,0,+41.0426662,-073.8035681,010903,5084,1688,3396,3237,825,2039,8,317,0,48,159,145,44,2,29,0,17,12,7,2,27,4,0,0,0,1,0,14,9,2,0,1,0,0,0,0,0,0,0,0,0,1,1,0,0,0,0,0,0,0,0,0,0,0,0,0,0,0,0,0,0,0,0,0,0,0,0,0,0,0,0,0,0,163,"Black or African American Alone, not Hispanic",0.87043051,5840.78794207,557.07552335,9.12623116,24266209.7969102,26199.2059551026
170,36,119,011000,36119011000,110,Census Tract,G5020,S,4876693,0,+41.0685861,-073.8146733,011000,2473,726,1747,1659,610,738,4,287,0,20,88,80,23,1,16,0,12,10,4,0,9,0,0,0,0,5,0,7,7,0,0,0,0,0,0,0,0,0,0,0,0,0,0,0,0,0,0,0,0,0,0,0,0,0,0,0,0,0,0,0,0,0,0,0,1,1,0,0,0,0,0,0,0,164,"Black or African American Alone, not Hispanic",1.88267165,1313.55884788,1204.90985413,2.0524357,52485873.2459559,35855.6202081797
171,36,119,011101,36119011101,111.01,Census Tract,G5020,S,9313835,20329,+41.0551624,-073.8344549,011101,6551,965,5586,5407,3316,955,11,1080,0,45,179,164,31,10,56,0,26,4,12,0,19,0,0,0,1,5,0,12,2,3,0,1,1,0,0,2,0,0,0,1,0,0,2,0,0,0,0,0,2,2,0,0,0,0,0,0,0,0,0,0,0,0,0,0,1,0,1,0,0,0,0,0,0,165,"White Alone, not Hispanic",3.60348296,1817.96336479,2306.22909166,2.84056776,100459339.23257,62425.1363006126
172,36,119,011102,36119011102,111.02,Census Tract,G5020,S,2761775,0,+41.0278951,-073.8306571,011102,3106,337,2769,2655,1946,216,1,479,1,12,114,104,16,4,51,0,19,3,11,0,0,0,0,0,0,0,0,10,3,4,0,0,1,0,0,0,1,0,0,0,0,0,1,0,0,0,0,0,0,0,0,0,0,0,0,0,0,0,0,0,0,0,0,0,0,0,0,0,0,0,0,0,0,166,"White Alone, not Hispanic",1.06619374,2913.1665941,682.36399654,4.5518228,29723775.6893867,25945.7114489977
173,36,119,011200,36119011200,112,Census Tract,G5020,S,2599074,0,+41.0537567,-073.8131654,011200,4550,2161,2389,2299,1053,814,12,383,0,37,90,85,11,1,16,3,21,2,22,0,9,0,0,0,0,0,0,5,4,0,0,0,0,0,0,0,1,0,0,0,0,0,0,0,0,0,0,0,0,0,0,0,0,0,0,0,0,0,0,0,0,0,0,0,0,0,0,0,0,0,0,0,0,167,Hispanic or Latino,1.00338654,4534.64326036,642.16738394,7.0853801,27972811.2445657,26939.842522361
174,36,119,011300,36119011300,113,Census Tract,G5020,S,7225673,3341258,+41.0342581,-073.8670276,011300,6652,475,6177,5870,5128,108,2,596,0,36,307,303,51,22,147,0,64,2,8,0,3,0,0,0,0,6,0,4,1,1,0,0,0,0,0,0,2,0,0,0,0,0,0,0,0,0,0,0,0,0,0,0,0,0,0,0,0,0,0,0,0,0,0,0,0,0,0,0,0,0,0,0,0,168,"White Alone, not Hispanic",4.07936836,1630.64460318,2610.79574982,2.54788219,113726262.862319,48208.7458212529
175,36,119,011401,36119011401,114.01,Census Tract,G5020,S,2870954,358289,+41.0751948,-073.8498640,011401,4302,663,3639,3486,2969,213,3,276,0,25,153,149,18,8,69,0,49,0,5,0,0,0,0,0,0,0,0,4,3,1,0,0,0,0,0,0,0,0,0,0,0,0,0,0,0,0,0,0,0,0,0,0,0,0,0,0,0,0,0,0,0,0,0,0,0,0,0,0,0,0,0,0,0,169,"White Alone, not Hispanic",1.24665635,3450.83070747,797.86006125,5.39192298,34754784.268233,32072.9508911838
176,36,119,011402,36119011402,114.02,Census Tract,G5020,S,3272497,3955986,+41.0502630,-073.8703190,011402,2172,254,1918,1811,1324,183,1,286,0,17,107,102,10,3,52,0,30,0,2,0,3,0,0,0,0,2,0,0,0,0,0,0,0,0,0,0,0,0,0,0,0,0,0,0,0,0,0,0,5,0,0,3,0,2,0,0,0,0,0,0,0,0,0,0,0,0,0,0,0,0,0,0,0,170,"White Alone, not Hispanic",2.79055397,778.34008044,1785.95453934,1.21615638,77796179.7337246,41487.2622657824
177,36,119,011500,36119011500,115,Census Tract,G5020,S,1459557,2815814,+41.0771838,-073.8683180,011500,5386,1913,3473,3322,2725,279,4,277,0,37,151,129,26,11,56,0,24,3,2,1,5,0,0,0,0,0,1,20,5,4,3,2,0,0,2,4,0,0,0,0,0,0,0,0,0,0,0,0,2,1,0,0,0,1,0,0,0,0,0,0,0,0,0,0,0,0,0,0,0,0,0,0,0,171,"White Alone, not Hispanic",1.65050522,3263.243232,1056.32334291,5.09881755,46013444.8170777,32121.4216346861
178,36,119,011601,36119011601,116.01,Census Tract,G5020,S,294811,0,+41.0840219,-073.8598950,011601,3188,2417,771,729,509,154,6,38,0,22,42,36,21,0,11,0,0,3,0,0,0,0,0,0,0,1,0,6,6,0,0,0,0,0,0,0,0,0,0,0,0,0,0,0,0,0,0,0,0,0,0,0,0,0,0,0,0,0,0,0,0,0,0,0,0,0,0,0,0,0,0,0,0,172,Hispanic or Latino,0.11381222,28011.05173339,72.83982119,43.76726834,3172902.61124303,9995.4935324806
179,36,119,011602,36119011602,116.02,Census Tract,G5020,S,884369,3653885,+41.0882116,-073.8715396,011602,3431,2413,1018,962,730,88,1,111,0,32,56,51,3,9,11,0,18,3,0,2,1,1,0,1,0,2,0,1,0,0,0,0,0,0,0,0,0,0,0,1,0,0,0,0,0,0,0,0,4,0,0,0,0,4,0,0,0,0,0,0,0,0,0,0,0,0,0,0,0,0,0,0,0,173,Hispanic or Latino,1.75198976,1958.34477541,1121.27344852,3.05991371,48842671.4175392,32265.7028986278
180,36,119,012804,36119012804,128.04,Census Tract,G5020,S,14761401,88584,+41.2255047,-073.6922316,012804,4123,1581,2542,2434,2090,156,0,150,0,38,108,98,12,14,32,0,31,3,0,4,1,1,0,0,0,0,0,10,0,9,0,1,0,0,0,0,0,0,0,0,0,0,0,0,0,0,0,0,0,0,0,0,0,0,0,0,0,0,0,0,0,0,0,0,0,0,0,0,0,0,0,0,0,192,"White Alone, not Hispanic",5.73309677,719.15758058,3669.18193022,1.12368372,159829564.880246,77220.2189670044
181,36,119,012900,36119012900,129,Census Tract,G5020,S,1442405,8215,+41.2068392,-073.7285791,012900,4389,2324,2065,1979,1518,239,7,193,0,22,86,77,15,9,19,1,29,2,2,0,0,0,0,0,0,0,0,9,5,0,0,2,0,0,0,0,0,0,0,0,0,0,1,1,0,0,0,0,0,0,0,0,0,0,0,0,0,0,0,0,0,0,0,0,0,0,0,0,0,0,0,0,0,193,Hispanic or Latino,0.56002967,7837.0847092,358.41899174,12.24544486,15612731.2800925,27218.0530153822
182,36,119,013000,36119013000,130,Census Tract,G5020,S,6434906,70702,+41.1911329,-073.7149373,013000,6570,2245,4325,4137,3558,200,13,320,1,45,188,185,47,7,75,2,51,0,1,0,1,0,0,1,0,0,0,3,2,0,0,1,0,0,0,0,0,0,0,0,0,0,0,0,0,0,0,0,0,0,0,0,0,0,0,0,0,0,0,0,0,0,0,0,0,0,0,0,0,0,0,0,0,194,"White Alone, not Hispanic",2.51157343,2615.89007142,1607.40699519,4.08732824,70018648.7106036,76068.5377376921
183,36,119,013102,36119013102,131.02,Census Tract,G5020,S,20267301,223753,+41.1592031,-073.7368816,013102,6390,481,5909,5619,4687,92,0,784,3,53,290,286,46,2,125,0,104,0,1,0,0,1,0,0,1,6,0,4,1,2,0,0,0,0,0,0,1,0,0,0,0,0,0,0,0,0,0,0,0,0,0,0,0,0,0,0,0,0,0,0,0,0,0,0,0,0,0,0,0,0,0,0,0,195,"White Alone, not Hispanic",7.91081935,807.75450952,5062.92438021,1.26211642,220540986.00193,64473.4935931724
184,36,119,013103,36119013103,131.03,Census Tract,G5020,S,21946443,249652,+41.1897945,-073.8106921,013103,5324,417,4907,4708,3876,129,2,682,0,19,199,195,32,13,98,0,33,1,12,0,4,0,0,0,1,1,0,4,0,3,0,1,0,0,0,0,0,0,0,0,0,0,0,0,0,0,0,0,0,0,0,0,0,0,0,0,0,0,0,0,0,0,0,0,0,0,0,0,0,0,0,0,0,196,"White Alone, not Hispanic",8.56891778,621.31533242,5484.10737956,0.97080521,238887717.453737,78185.0972753467
185,36,119,012201,36119012201,122.01,Census Tract,G5020,S,2584717,6261,+41.1395140,-073.7772592,012201,3180,323,2857,2776,2381,140,2,239,0,14,81,78,11,4,38,1,17,1,3,0,2,0,0,0,1,0,0,3,1,0,0,2,0,0,0,0,0,0,0,0,0,0,0,0,0,0,0,0,0,0,0,0,0,0,0,0,0,0,0,0,0,0,0,0,0,0,0,0,0,0,0,0,0,180,"White Alone, not Hispanic",1.0002665,3179.15274493,640.1705621,4.96742616,27885829.6852352,45021.9024076764
186,36,119,012202,36119012202,122.02,Census Tract,G5020,S,2213998,0,+41.1351399,-073.7892315,012202,4333,736,3597,3469,3143,69,1,243,0,13,128,124,12,5,49,0,54,1,0,0,2,0,0,0,0,0,1,4,1,1,2,0,0,0,0,0,0,0,0,0,0,0,0,0,0,0,0,0,0,0,0,0,0,0,0,0,0,0,0,0,0,0,0,0,0,0,0,0,0,0,0,0,0,181,"White Alone, not Hispanic",0.8547283,5069.44720891,547.02611258,7.92101126,23828457.4641632,33180.7641887802
187,36,119,012301,36119012301,123.01,Census Tract,G5020,S,3853425,1465554,+41.0759867,-073.7561411,012301,2401,868,1533,1468,1171,130,0,159,0,8,65,61,8,10,17,1,18,2,1,0,1,0,0,0,3,0,0,4,0,3,0,0,0,0,0,0,0,0,0,0,0,0,1,0,0,0,0,0,0,0,0,0,0,0,0,0,0,0,0,0,0,0,0,0,0,0,0,0,0,0,0,0,0,182,"White Alone, not Hispanic",2.05344691,1169.25350786,1314.20602074,1.82695861,57246814.2633248,63080.2886226973
188,36,119,012303,36119012303,123.03,Census Tract,G5020,S,26493684,3953874,+41.1239868,-073.7240624,012303,5114,317,4797,4647,4203,39,0,376,1,28,150,148,6,4,67,0,67,3,1,0,0,0,0,0,0,0,0,1,1,0,0,0,0,0,0,0,0,0,0,0,0,0,0,0,0,0,0,0,1,0,1,0,0,0,0,0,0,0,0,0,0,0,0,0,0,0,0,0,0,0,0,0,0,183,"White Alone, not Hispanic",11.75470349,435.05988937,7523.0102328,0.67978108,327702325.740778,103167.224871954
189,36,119,012304,36119012304,123.04,Census Tract,G5020,S,31126536,916604,+41.1553624,-073.6445965,012304,4893,263,4630,4445,4137,27,0,258,0,23,185,177,22,14,73,1,65,0,0,0,2,0,0,0,0,0,0,8,0,1,0,1,4,0,0,0,2,0,0,0,0,0,0,0,0,0,0,0,0,0,0,0,0,0,0,0,0,0,0,0,0,0,0,0,0,0,0,0,0,0,0,0,0,184,"White Alone, not Hispanic",12.37092192,395.5242812,7917.39002753,0.61800669,344881509.599184,81700.8681923077
190,36,119,012400,36119012400,124,Census Tract,G5020,S,57782862,2014445,+41.2123852,-073.5838473,012400,5082,344,4738,4516,4264,65,3,165,0,19,222,217,35,19,86,3,68,2,0,0,1,0,0,0,0,3,0,4,0,0,0,0,3,0,0,0,0,0,0,0,0,0,0,0,0,1,0,0,1,0,0,1,0,0,0,0,0,0,0,0,0,0,0,0,0,0,0,0,0,0,0,0,0,185,"White Alone, not Hispanic",23.08658742,220.12781308,14775.41594599,0.34394971,643617118.60728,120502.772643287
191,36,119,012501,36119012501,125.01,Census Tract,G5020,S,15635795,1566624,+41.2940945,-073.6594003,012501,3032,273,2759,2640,2447,65,3,105,0,20,119,114,24,10,42,0,35,1,2,0,0,0,0,0,0,0,0,5,0,5,0,0,0,0,0,0,0,0,0,0,0,0,0,0,0,0,0,0,0,0,0,0,0,0,0,0,0,0,0,0,0,0,0,0,0,0,0,0,0,0,0,0,0,186,"White Alone, not Hispanic",6.64134797,456.53382619,4250.46270048,0.7133341,185150155.233023,84006.4649454065
192,36,119,012502,36119012502,125.02,Census Tract,G5020,S,36640023,1566878,+41.2796180,-073.5813197,012502,5561,376,5185,4944,4617,66,5,225,0,31,241,237,26,19,106,0,79,2,3,0,0,0,0,0,0,2,0,4,1,0,0,1,1,0,0,0,0,0,0,0,0,0,0,0,0,1,0,0,0,0,0,0,0,0,0,0,0,0,0,0,0,0,0,0,0,0,0,0,0,0,0,0,0,187,"White Alone, not Hispanic",14.75090154,376.9939067,9440.57698612,0.58905298,411231533.515211,97142.9284212843
193,36,119,012503,36119012503,125.03,Census Tract,G5020,S,19636246,552963,+41.2325508,-073.5176190,012503,3672,320,3352,3228,3043,60,0,105,0,20,124,121,22,16,44,0,31,4,0,0,2,0,0,0,0,2,0,2,0,1,0,1,0,0,0,0,0,0,0,0,0,0,0,0,0,0,0,0,1,0,0,0,0,1,0,0,0,0,0,0,0,0,0,0,0,0,0,0,0,0,0,0,0,188,"White Alone, not Hispanic",7.79480516,471.08297474,4988.67529866,0.73606715,217306696.009738,66006.7668872586
194,36,119,012600,36119012600,126,Census Tract,G5020,S,27234253,4050655,+41.2482206,-073.6407729,012600,4529,430,4099,3919,3702,65,5,122,0,25,180,176,21,16,58,3,70,4,0,0,0,0,0,0,4,0,0,4,3,1,0,0,0,0,0,0,0,0,0,0,0,0,0,0,0,0,0,0,0,0,0,0,0,0,0,0,0,0,0,0,0,0,0,0,0,0,0,0,0,0,0,0,0,189,"White Alone, not Hispanic",12.07821292,374.97269095,7730.05626697,0.58589483,336721250.989077,100185.446716293
195,36,119,012700,36119012700,127,Census Tract,G5020,S,42675216,860996,+41.2008156,-073.6565403,012700,4643,388,4255,4125,3865,64,3,175,0,18,130,126,11,10,69,0,34,1,0,1,0,0,0,0,0,0,0,4,0,2,0,1,0,0,0,0,1,0,0,0,0,0,0,0,0,0,0,0,0,0,0,0,0,0,0,0,0,0,0,0,0,0,0,0,0,0,0,0,0,0,0,0,0,190,"White Alone, not Hispanic",16.80806464,276.23644368,10757.16136514,0.43161944,468581949.065472,115386.406912753
196,36,119,012803,36119012803,128.03,Census Tract,G5020,S,11749966,674509,+41.2413469,-073.7122382,012803,2976,323,2653,2540,2344,52,2,118,0,24,113,111,14,4,27,1,58,0,2,0,0,0,3,0,0,2,0,2,0,1,0,1,0,0,0,0,0,0,0,0,0,0,0,0,0,0,0,0,0,0,0,0,0,0,0,0,0,0,0,0,0,0,0,0,0,0,0,0,0,0,0,0,0,191,"White Alone, not Hispanic",4.79664514,620.4336392,3069.85288902,0.96942756,133722791.845639,60893.6962380657
197,36,119,014805,36119014805,148.05,Census Tract,G5020,S,37697000,4279909,+41.2462774,-073.8161162,014805,4449,528,3921,3806,3409,154,3,227,0,13,115,107,29,12,39,0,23,0,0,0,1,0,0,0,2,1,0,8,1,6,0,1,0,0,0,0,0,0,0,0,0,0,0,0,0,0,0,0,0,0,0,0,0,0,0,0,0,0,0,0,0,0,0,0,0,0,0,0,0,0,0,0,0,222,"White Alone, not Hispanic",16.2053748,274.53854379,10371.43987258,0.42896647,451779920.849467,121441.837173391
198,36,119,014806,36119014806,148.06,Census Tract,G5020,S,10238956,157652,+41.3171308,-073.8119340,014806,6591,989,5602,5436,4804,197,9,399,2,25,166,162,42,10,58,0,34,4,1,0,4,2,0,0,1,6,0,2,0,0,0,2,0,0,0,0,0,0,0,0,0,0,0,0,0,0,0,0,2,2,0,0,0,0,0,0,0,0,0,0,0,0,0,0,0,0,0,0,0,0,0,0,0,223,"White Alone, not Hispanic",4.01366566,1642.13977103,2568.74601899,2.56584339,111894576.587002,56602.7554103797
199,36,119,014808,36119014808,148.08,Census Tract,G5020,S,9075199,641204,+41.2882235,-073.7922032,014808,3382,372,3010,2922,2600,67,5,243,1,6,88,83,16,10,22,0,28,3,0,1,2,0,0,0,0,0,1,5,3,1,0,0,0,0,0,1,0,0,0,0,0,0,0,0,0,0,0,0,0,0,0,0,0,0,0,0,0,0,0,0,0,0,0,0,0,0,0,0,0,0,0,0,0,224,"White Alone, not Hispanic",3.75107912,901.60721419,2400.69063963,1.40876127,104574084.262134,47438.1068978869
200,36,119,013104,36119013104,131.04,Census Tract,G5020,S,17609948,440842,+41.1992596,-073.7611071,013104,6597,345,6252,6040,5261,46,1,678,0,54,212,210,26,4,110,2,65,0,0,0,2,1,0,0,0,0,0,2,2,0,0,0,0,0,0,0,0,0,0,0,0,0,0,0,0,0,0,0,0,0,0,0,0,0,0,0,0,0,0,0,0,0,0,0,0,0,0,0,0,0,0,0,0,197,"White Alone, not Hispanic",6.96868596,946.6634081,4459.95901321,1.47916158,194275814.61548,82760.5518190572
201,36,119,013201,36119013201,132.01,Census Tract,G5020,S,10671181,2167717,+41.1403331,-073.8475045,013201,3753,210,3543,3375,2888,86,0,392,0,9,168,158,12,9,78,0,53,1,0,0,4,0,0,1,0,0,0,10,6,2,0,0,1,0,1,0,0,0,0,0,0,0,0,0,0,0,0,0,0,0,0,0,0,0,0,0,0,0,0,0,0,0,0,0,0,0,0,0,0,0,0,0,0,198,"White Alone, not Hispanic",4.95647682,757.19107267,3172.14516438,1.18311105,138178643.360306,63114.7239694753
202,36,119,013202,36119013202,132.02,Census Tract,G5020,S,3457772,0,+41.1551910,-073.8373500,013202,3131,258,2873,2788,2360,78,7,330,0,13,85,76,14,0,39,0,21,0,0,0,2,0,0,0,0,0,0,9,1,1,0,4,0,0,1,2,0,0,0,0,0,0,0,0,0,0,0,0,0,0,0,0,0,0,0,0,0,0,0,0,0,0,0,0,0,0,0,0,0,0,0,0,0,199,"White Alone, not Hispanic",1.33488433,2345.52157224,854.32597315,3.66487746,37214439.3902323,46858.2659763853
203,36,119,013301,36119013301,133.01,Census Tract,G5020,S,785598,1769014,+41.1583129,-073.8703996,013301,3991,2158,1833,1760,867,732,6,109,0,46,73,63,25,3,9,1,9,0,7,0,5,1,0,0,1,1,1,9,6,2,1,0,0,0,0,0,0,0,0,0,0,0,0,0,0,0,0,0,1,0,0,1,0,0,0,0,0,0,0,0,0,0,0,0,0,0,0,0,0,0,0,0,0,200,Hispanic or Latino,0.98620658,4046.81947074,631.17221268,6.32315542,27493861.5843922,30261.9731252269
204,36,119,013304,36119013304,133.04,Census Tract,G5020,S,1215085,2713320,+41.1443813,-073.8685795,013304,5391,3390,2001,1910,1202,557,9,120,1,21,91,81,26,1,20,0,18,3,1,0,5,0,0,0,1,5,1,9,3,5,0,0,0,0,0,0,0,0,0,0,0,0,0,1,0,0,0,0,1,1,0,0,0,0,0,0,0,0,0,0,0,0,0,0,0,0,0,0,0,0,0,0,0,201,Hispanic or Latino,1.51655977,3554.75603918,970.59825246,5.55430631,42279259.8772057,37033.5069451236
205,36,119,013401,36119013401,134.01,Census Tract,G5020,S,623197,0,+41.1548930,-073.8580520,013401,3208,1139,2069,1989,1193,439,1,334,0,22,80,74,32,1,17,1,17,0,0,0,5,0,0,0,0,1,0,2,0,0,1,1,0,0,0,0,0,0,0,0,0,0,0,0,0,0,0,0,4,0,1,2,0,1,0,0,0,0,0,0,0,0,0,0,0,0,0,0,0,0,0,0,0,202,"White Alone, not Hispanic",0.24058575,13334.12311291,153.97487951,20.83456737,6707145.75162856,15789.0975903917
206,36,119,013402,36119013402,134.02,Census Tract,G5020,S,1185290,11769,+41.1650746,-073.8495752,013402,4213,2057,2156,2015,1501,284,4,196,0,30,141,134,46,12,14,2,36,1,3,0,10,5,0,0,3,2,0,7,0,3,0,3,0,0,0,0,0,0,0,0,0,0,1,0,0,0,0,0,0,0,0,0,0,0,0,0,0,0,0,0,0,0,0,0,0,0,0,0,0,0,0,0,0,203,Hispanic or Latino,0.46212623,9116.55675637,295.76078685,14.24461993,12883339.8752936,20885.6030504006
207,36,119,013500,36119013500,135,Census Tract,G5020,S,1659667,0,+41.1722273,-073.8437297,013500,4060,1618,2442,2322,1895,228,4,168,0,27,120,112,40,5,22,0,31,0,5,0,9,0,0,0,0,0,0,8,0,0,0,2,0,0,0,1,5,0,0,0,0,0,0,0,0,0,0,0,0,0,0,0,0,0,0,0,0,0,0,0,0,0,0,0,0,0,0,0,0,0,0,0,0,204,"White Alone, not Hispanic",0.64071864,6336.63475261,410.05992946,9.9009918,17862210.5272298,22814.7612022395
208,36,119,013600,36119013600,136,Census Tract,G5020,S,2469455,4017035,+41.1667993,-073.8710932,013600,5321,2326,2995,2879,2011,597,11,233,0,27,116,105,35,13,31,0,12,4,3,0,1,0,0,1,1,4,0,11,1,2,0,4,3,0,0,0,0,0,1,0,0,0,0,0,0,0,0,0,0,0,0,0,0,0,0,0,0,0,0,0,0,0,0,0,0,0,0,0,0,0,0,0,0,205,Hispanic or Latino,2.5041019,2124.91352311,1602.62521864,3.32017738,69810354.5238551,49038.8092634886
209,36,119,013700,36119013700,137,Census Tract,G5020,S,7656444,92802,+41.1792094,-073.8463156,013700,5626,964,4662,4478,3880,260,5,300,4,29,184,178,42,12,39,1,43,2,12,0,10,0,1,0,14,2,0,6,2,0,0,0,1,0,0,2,0,0,0,0,0,0,1,0,0,0,0,0,0,0,0,0,0,0,0,0,0,0,0,0,0,0,0,0,0,0,0,0,0,0,0,0,0,206,"White Alone, not Hispanic",2.99160996,1880.59275005,1914.63037356,2.93842617,83401299.0721082,64984.888770207
210,36,119,013800,36119013800,138,Census Tract,G5020,S,2746527,2088101,+41.1921279,-073.8788854,013800,3384,409,2975,2815,2625,50,1,126,0,13,160,158,14,30,71,0,38,0,4,0,1,0,0,0,0,0,0,1,1,0,0,0,0,0,0,0,0,0,0,0,0,0,0,0,0,0,0,0,1,1,0,0,0,0,0,0,0,0,0,0,0,0,0,0,0,0,0,0,0,0,0,0,0,207,"White Alone, not Hispanic",1.86640455,1813.11174229,1194.49890991,2.8329871,52032372.515838,58673.1218915869
211,36,119,013900,36119013900,139,Census Tract,G5020,S,9409169,13608167,+41.2096524,-073.9011520,013900,4943,856,4087,3883,3436,159,8,248,0,32,204,193,41,18,66,0,59,0,2,0,2,0,0,2,1,2,0,10,0,6,0,0,1,0,0,0,3,0,0,0,0,0,0,0,0,0,0,0,1,0,0,0,0,0,0,0,0,0,0,0,0,0,0,1,0,0,0,0,0,0,0,0,0,208,"White Alone, not Hispanic",8.88577927,556.28210527,5686.89873286,0.86919079,247721308.803447,81319.6805173563
212,36,119,014000,36119014000,140,Census Tract,G5020,S,3666065,865561,+41.2631679,-073.9449660,014000,2302,529,1773,1647,1479,77,9,64,0,18,126,125,19,29,32,0,22,3,2,2,11,3,0,0,0,2,0,1,0,0,0,0,1,0,0,0,0,0,0,0,0,0,0,0,0,0,0,0,0,0,0,0,0,0,0,0,0,0,0,0,0,0,0,0,0,0,0,0,0,0,0,0,0,209,"White Alone, not Hispanic",1.74940593,1315.87527103,1119.61979395,2.05605511,48770638.2243704,35043.6359660953
213,36,119,014100,36119014100,141,Census Tract,G5020,S,3236997,2602749,+41.2837261,-073.9337120,014100,6525,2894,3631,3368,2100,1063,12,127,3,63,263,240,96,28,31,0,47,19,5,0,10,0,0,0,3,1,0,23,14,4,2,0,0,0,0,0,0,0,0,0,0,0,3,0,0,0,0,0,0,0,0,0,0,0,0,0,0,0,0,0,0,0,0,0,0,0,0,0,0,0,0,0,0,210,Hispanic or Latino,2.25440236,2894.33692135,1442.81751328,4.52240144,62849130.8785634,42517.571685147
214,36,119,014200,36119014200,142,Census Tract,G5020,S,2064084,516098,+41.2947461,-073.9288811,014200,3994,1951,2043,1904,1068,645,10,122,0,59,139,132,52,16,29,0,12,12,6,0,3,0,0,0,0,2,0,7,3,0,0,0,2,0,0,2,0,0,0,0,0,0,0,0,0,0,0,0,0,0,0,0,0,0,0,0,0,0,0,0,0,0,0,0,0,0,0,0,0,0,0,0,0,211,Hispanic or Latino,0.99606656,4009.77220127,637.48259785,6.26526907,27768741.9625148,34048.360399412
215,36,119,014300,36119014300,143,Census Tract,G5020,S,722766,0,+41.2916594,-073.9144211,014300,4240,2587,1653,1545,554,863,5,87,0,36,108,108,64,5,10,0,2,9,2,3,8,0,0,3,2,0,0,0,0,0,0,0,0,0,0,0,0,0,0,0,0,0,0,0,0,0,0,0,0,0,0,0,0,0,0,0,0,0,0,0,0,0,0,0,0,0,0,0,0,0,0,0,0,212,Hispanic or Latino,0.27902095,15195.99170772,178.57340619,23.74373705,7778657.57353625,16744.6370151987
216,36,119,014400,36119014400,144,Census Tract,G5020,S,2510676,43624,+41.2987210,-073.9053975,014400,5942,2424,3518,3325,1589,1451,5,240,2,38,193,183,69,11,28,0,25,16,8,0,19,0,0,0,0,4,3,9,6,3,0,0,0,0,0,0,0,0,0,0,0,0,0,0,0,0,0,0,1,1,0,0,0,0,0,0,0,0,0,0,0,0,0,0,0,0,0,0,0,0,0,0,0,213,Hispanic or Latino,0.98607924,6025.88491843,631.09071132,9.41544519,27490311.385119,23354.8427910861
217,36,119,014500,36119014500,145,Census Tract,G5020,S,2716638,14648,+41.2850006,-073.9079663,014500,4730,1304,3426,3268,2409,671,0,149,0,39,158,146,43,15,42,0,26,7,4,0,8,0,0,1,0,0,0,8,7,0,0,0,0,0,0,0,1,0,0,0,0,0,0,0,0,0,0,0,4,2,0,2,0,0,0,0,0,0,0,0,0,0,0,0,0,0,0,0,0,0,0,0,0,214,"White Alone, not Hispanic",1.05440302,4485.9507114,674.8179359,7.00929799,29395069.2877403,29793.8172179277
218,36,119,014604,36119014604,146.04,Census Tract,G5020,S,5444312,4109497,+41.2442109,-073.9490103,014604,4363,997,3366,3222,2931,169,0,101,0,21,144,138,37,16,19,4,54,0,0,2,5,0,0,0,0,0,1,5,0,3,0,0,0,0,0,2,0,0,0,0,0,0,0,0,0,0,0,0,1,0,0,1,0,0,0,0,0,0,0,0,0,0,0,0,0,0,0,0,0,0,0,0,0,215,"White Alone, not Hispanic",3.6881876,1182.96585699,2360.440061,1.84838415,102820769.057341,57541.393681414
219,36,119,014605,36119014605,146.05,Census Tract,G5020,S,3980931,1540998,+41.2254295,-073.9227120,014605,2933,440,2493,2401,1931,339,3,113,2,13,92,74,12,14,9,0,29,5,0,0,2,0,0,0,0,3,0,18,7,3,0,5,2,0,0,0,0,0,0,0,0,0,1,0,0,0,0,0,0,0,0,0,0,0,0,0,0,0,0,0,0,0,0,0,0,0,0,0,0,0,0,0,0,216,"White Alone, not Hispanic",2.13172143,1375.88334158,1364.30171296,2.14981772,59428982.6165383,67492.1077700713
220,36,119,014606,36119014606,146.06,Census Tract,G5020,S,36709479,2431083,+41.2453643,-073.8808015,014606,5964,674,5290,5067,4583,154,5,264,0,61,223,212,36,31,75,0,61,5,0,0,3,0,0,0,0,1,0,11,2,0,0,8,0,0,0,0,1,0,0,0,0,0,0,0,0,0,0,0,0,0,0,0,0,0,0,0,0,0,0,0,0,0,0,0,0,0,0,0,0,0,0,0,0,217,"White Alone, not Hispanic",15.11018413,394.70068332,9670.51783991,0.61671982,421247757.106623,109615.573674296
221,36,119,014607,36119014607,146.07,Census Tract,G5020,S,8065437,59131,+41.2811923,-073.8743918,014607,4447,782,3665,3508,2873,288,0,324,0,23,157,143,28,13,29,0,54,5,0,0,10,0,0,0,2,2,0,13,7,4,0,2,0,0,0,0,0,0,0,0,0,0,0,0,0,0,0,0,1,0,0,0,0,0,0,0,0,0,0,0,1,0,0,0,0,0,0,0,0,0,0,0,0,218,"White Alone, not Hispanic",3.13648497,1417.82920993,2007.3503774,2.21535814,87440182.439387,41350.9377790368
222,36,119,014701,36119014701,147.01,Census Tract,G5020,S,19805438,1636739,+41.3096517,-073.9325770,014701,4977,1225,3752,3578,2873,501,5,169,1,29,174,155,31,16,38,1,40,6,11,1,8,0,0,0,0,2,1,15,1,10,0,3,1,0,0,0,0,0,0,0,0,0,0,0,0,0,0,0,4,2,0,2,0,0,0,0,0,0,0,0,0,0,0,0,0,0,0,0,0,0,0,0,0,219,"White Alone, not Hispanic",8.27764405,601.25803559,5297.69219044,0.93946568,230767471.815431,87908.471010302
223,36,119,014703,36119014703,147.03,Census Tract,G5020,S,6947716,33605,+41.3189758,-073.8783937,014703,6287,1639,4648,4454,3671,526,8,209,0,40,194,179,59,20,46,0,33,2,4,1,12,0,0,0,1,0,1,15,5,2,0,8,0,0,0,0,0,0,0,0,0,0,0,0,0,0,0,0,0,0,0,0,0,0,0,0,0,0,0,0,0,0,0,0,0,0,0,0,0,0,0,0,0,220,"White Alone, not Hispanic",2.6951335,2332.72303756,1724.88543847,3.64487975,75136009.6998767,36339.8566332089
224,36,119,014704,36119014704,147.04,Census Tract,G5020,S,4267147,85774,+41.3033025,-073.8737265,014704,2164,711,1453,1378,1155,145,1,57,1,19,75,67,13,11,13,2,16,2,2,0,8,0,0,0,0,0,0,7,4,0,0,1,1,0,0,1,0,0,0,0,0,0,0,0,0,0,0,0,1,0,0,1,0,0,0,0,0,0,0,0,0,0,0,0,0,0,0,0,0,0,0,0,0,221,"White Alone, not Hispanic",1.68044436,1287.75462369,1075.48439302,2.0121166,46848100.1600999,29184.3850221373
225,36,119,014809,36119014809,148.09,Census Tract,G5020,S,18845232,958483,+41.2553432,-073.7847960,014809,6255,817,5438,5263,4630,216,1,372,0,44,175,167,25,25,39,0,59,0,0,0,16,0,0,0,1,0,2,8,3,2,0,0,3,0,0,0,0,0,0,0,0,0,0,0,0,0,0,0,0,0,0,0,0,0,0,0,0,0,0,0,0,0,0,0,0,0,0,0,0,0,0,0,0,225,"White Alone, not Hispanic",7.64537059,818.14215924,4893.03717486,1.27834712,213140699.336873,62287.9402474428
226,36,119,014810,36119014810,148.10,Census Tract,G5020,S,1705147,15469,+41.3227653,-073.7947681,014810,2117,236,1881,1849,1729,70,0,43,0,7,32,27,14,3,3,0,4,1,1,1,0,0,0,0,0,0,0,4,1,0,0,0,0,0,0,2,1,0,0,0,0,0,0,0,0,0,0,0,1,1,0,0,0,0,0,0,0,0,0,0,0,0,0,0,0,0,0,0,0,0,0,0,0,226,"White Alone, not Hispanic",0.66425522,3187.02803806,425.12333862,4.97973131,18518372.6304275,22298.4107308732
227,36,119,014811,36119014811,148.11,Census Tract,G5020,S,6079540,74741,+41.3132769,-073.7881693,014811,5736,725,5011,4842,4324,206,2,286,0,24,169,160,28,20,57,4,33,0,5,3,7,0,0,0,0,3,0,7,0,3,1,3,0,0,0,0,0,0,0,0,0,0,0,0,0,0,0,0,2,1,1,0,0,0,0,0,0,0,0,0,0,0,0,0,0,0,0,0,0,0,0,0,0,227,"White Alone, not Hispanic",2.37590626,2414.23666646,1520.58000383,3.77224479,66236464.9668023,40944.5273650133
228,36,119,014812,36119014812,148.12,Census Tract,G5020,S,8125206,138498,+41.3176832,-073.8359370,014812,4324,770,3554,3419,3059,168,6,159,0,27,135,126,26,17,16,2,62,1,0,0,1,0,0,1,0,0,0,9,4,2,0,0,0,0,0,2,1,0,0,0,0,0,0,0,0,0,0,0,0,0,0,0,0,0,0,0,0,0,0,0,0,0,0,0,0,0,0,0,0,0,0,0,0,228,"White Alone, not Hispanic",3.19022609,1355.38983173,2041.74469577,2.11779661,88938398.9476903,50614.3001968014
229,36,119,014813,36119014813,148.13,Census Tract,G5020,S,3439716,431464,+41.3213481,-073.8532505,014813,3715,808,2907,2809,2351,184,4,241,0,29,98,93,20,21,18,0,19,5,2,0,6,1,0,1,0,0,0,5,5,0,0,0,0,0,0,0,0,0,0,0,0,0,0,0,0,0,0,0,0,0,0,0,0,0,0,0,0,0,0,0,0,0,0,0,0,0,0,0,0,0,0,0,0,229,"White Alone, not Hispanic",1.49447327,2485.82566523,956.46288996,3.8841026,41663523.4865075,36157.8830657957
230,36,119,014901,36119014901,149.01,Census Tract,G5020,S,43789111,3844897,+41.2908315,-073.7189178,014901,6280,501,5779,5555,5232,70,0,240,4,9,224,217,14,24,89,2,82,3,1,0,0,0,0,0,2,0,0,7,0,0,0,1,0,0,0,0,2,0,1,0,0,0,3,0,0,0,0,0,0,0,0,0,0,0,0,0,0,0,0,0,0,0,0,0,0,0,0,0,0,0,0,0,0,230,"White Alone, not Hispanic",18.38978319,341.49396623,11769.46124074,0.53358432,512677731.646763,136920.286419191
231,36,119,014903,36119014903,149.03,Census Tract,G5020,S,6567879,82317,+41.3359042,-073.7081057,014903,4006,203,3803,3717,3550,46,0,109,0,12,86,81,18,9,16,0,33,0,0,0,0,0,0,0,1,4,0,4,0,0,0,4,0,0,0,0,0,0,0,0,0,0,0,0,0,0,0,0,1,1,0,0,0,0,0,0,0,0,0,0,0,0,0,0,0,0,0,0,0,0,0,0,0,231,"White Alone, not Hispanic",2.5674085,1560.32824242,1643.14144292,2.43801288,71575241.2534953,36174.2647235772
232,36,119,014907,36119014907,149.07,Census Tract,G5020,S,7390552,207589,+41.3259819,-073.7277119,014907,4176,533,3643,3507,3267,63,0,162,0,15,136,134,55,18,20,0,37,0,0,0,1,1,0,1,1,0,0,1,0,0,0,0,0,0,0,0,0,0,1,0,0,0,0,0,0,0,0,0,1,0,0,0,0,1,0,0,0,0,0,0,0,0,0,0,0,0,0,0,0,0,0,0,0,232,"White Alone, not Hispanic",2.93335548,1423.62561706,1877.34750459,2.22441503,81777257.299885,39607.0331032228
233,36,119,014908,36119014908,149.08,Census Tract,G5020,S,14236057,2372509,+41.3164321,-073.7555489,014908,3673,443,3230,3151,2935,59,4,137,0,16,79,78,20,3,23,0,27,1,0,0,0,0,0,1,0,3,0,1,1,0,0,0,0,0,0,0,0,0,0,0,0,0,0,0,0,0,0,0,0,0,0,0,0,0,0,0,0,0,0,0,0,0,0,0,0,0,0,0,0,0,0,0,0,233,"White Alone, not Hispanic",6.4119019,572.84095386,4103.61721496,0.89506399,178753565.883633,65873.1696555622
234,36,119,014909,36119014909,149.09,Census Tract,G5020,S,4928824,136116,+41.3454104,-073.6780745,014909,3406,227,3179,3107,2928,40,0,128,0,11,72,66,9,11,14,1,30,0,1,0,0,0,0,0,0,0,0,6,3,2,0,0,0,0,0,0,0,0,1,0,0,0,0,0,0,0,0,0,0,0,0,0,0,0,0,0,0,0,0,0,0,0,0,0,0,0,0,0,0,0,0,0,0,234,"White Alone, not Hispanic",1.95541054,1741.8337147,1251.46274373,2.72161518,54513717.1167112,33440.0401277424
235,36,119,015000,36119015000,150,Census Tract,G5020,S,55344603,4066515,+41.3337106,-073.6144646,015000,5243,594,4649,4503,4270,83,4,120,0,26,146,135,33,22,37,0,38,2,0,0,1,0,0,0,0,2,0,10,0,3,0,2,0,0,0,0,5,0,0,0,0,0,0,0,0,0,0,0,1,0,1,0,0,0,0,0,0,0,0,0,0,0,0,0,0,0,0,0,0,0,0,0,0,235,"White Alone, not Hispanic",22.93725739,228.58007435,14679.84472888,0.35715637,639454036.390107,120198.033909163
236,36,119,015100,36119015100,151,Census Tract,G5020,S,2313471,0,+40.9260570,-073.8202500,015100,5258,719,4539,4291,2329,1696,7,191,5,63,248,232,61,11,44,0,54,10,21,0,25,0,0,0,2,4,0,12,3,7,0,0,0,0,0,2,0,0,0,0,0,0,0,0,0,0,0,0,4,4,0,0,0,0,0,0,0,0,0,0,0,0,0,0,0,0,0,0,0,0,0,0,0,236,"White Alone, not Hispanic",0.8931257,5887.18920699,571.60044993,9.19873314,24898915.5991181,24992.5695002575
237,36,119,981000,36119981000,9810,Census Tract,G5020,S,4219128,0,+41.0843108,-073.8105178,981000,1121,238,883,862,523,256,0,80,0,3,21,20,0,1,8,0,5,0,1,1,1,0,0,0,3,0,0,1,0,1,0,0,0,0,0,0,0,0,0,0,0,0,0,0,0,0,0,0,0,0,0,0,0,0,0,0,0,0,0,0,0,0,0,0,0,0,0,0,0,0,0,0,0,237,"White Alone, not Hispanic",1.62881581,688.23005903,1042.44211727,1.07535947,45408778.6284718,31059.3502933556
238,36,119,982000,36119982000,9820,Census Tract,G5020,S,264916,0,+41.1513369,-073.8684937,982000,1367,373,994,991,135,835,6,13,0,2,3,2,2,0,0,0,0,0,0,0,0,0,0,0,0,0,0,1,0,0,0,0,0,0,1,0,0,0,0,0,0,0,0,0,0,0,0,0,0,0,0,0,0,0,0,0,0,0,0,0,0,0,0,0,0,0,0,0,0,0,0,0,0,238,"Black or African American Alone, not Hispanic",0.1022706,13366.49990983,65.45318563,20.88515611,2851140.76625257,7040.72780725436
239,36,119,983000,36119983000,9830,Census Tract,G5020,S,725070,0,+41.2418334,-073.6780148,983000,1038,188,850,848,423,389,9,24,0,3,2,0,0,0,0,0,0,0,0,0,0,0,0,0,0,0,0,2,0,0,0,0,0,0,0,0,0,0,0,0,0,0,2,0,0,0,0,0,0,0,0,0,0,0,0,0,0,0,0,0,0,0,0,0,0,0,0,0,0,0,0,0,0,239,"White Alone, not Hispanic",0.27992685,3708.11155046,179.15318643,5.7939243,7803912.80101984,14392.5154177192
240,36,119,984000,36119984000,9840,Census Tract,G5020,S,930438,1455946,+41.2329728,-073.9376072,984000,781,285,496,483,384,86,5,4,0,4,13,13,6,0,1,1,1,0,0,1,3,0,0,0,0,0,0,0,0,0,0,0,0,0,0,0,0,0,0,0,0,0,0,0,0,0,0,0,0,0,0,0,0,0,0,0,0,0,0,0,0,0,0,0,0,0,0,0,0,0,0,0,0,240,"White Alone, not Hispanic",0.92125013,847.76107577,589.60008217,1.32462668,25682979.5794346,26661.0557385579
241,36,119,985000,36119985000,9850,Census Tract,G5020,S,1872001,0,+41.0463609,-073.7001900,985000,2133,485,1648,1540,1125,307,0,107,1,0,108,97,44,6,33,1,2,5,6,0,0,0,0,0,0,0,0,9,3,3,0,1,1,0,0,0,0,0,0,0,1,0,0,0,0,0,0,0,2,0,0,0,0,0,0,0,0,0,1,1,0,0,0,0,0,0,0,0,0,0,0,0,0,241,"White Alone, not Hispanic",0.72271618,2951.36606515,462.53835332,4.61150948,20148170.670666,23005.2040650916
