sourceTypeID,roadTypeID,roadTypeVMTFraction,FIP
11,1,0,36001
11,2,0.004243125,36001
11,3,0.181927066,36001
11,4,0.255507589,36001
11,5,0.55832222,36001
21,1,0,36001
21,2,0.011571465,36001
21,3,0.060878229,36001
21,4,0.452256209,36001
21,5,0.475294097,36001
31,1,0,36001
31,2,0.011571465,36001
31,3,0.060878229,36001
31,4,0.452256209,36001
31,5,0.475294097,36001
32,1,0,36001
32,2,0.011571465,36001
32,3,0.060878229,36001
32,4,0.452256209,36001
32,5,0.475294097,36001
41,1,0,36001
41,2,0.009944901,36001
41,3,0.074201074,36001
41,4,0.393980666,36001
41,5,0.521873358,36001
42,1,0,36001
42,2,0.009944901,36001
42,3,0.074201074,36001
42,4,0.393980666,36001
42,5,0.521873358,36001
43,1,0,36001
43,2,0.009944901,36001
43,3,0.074201074,36001
43,4,0.393980666,36001
43,5,0.521873358,36001
51,1,0,36001
51,2,0.014754266,36001
51,3,0.108255771,36001
51,4,0.408107074,36001
51,5,0.468882889,36001
52,1,0,36001
52,2,0.014754266,36001
52,3,0.108255771,36001
52,4,0.408107074,36001
52,5,0.468882889,36001
53,1,0,36001
53,2,0.014754266,36001
53,3,0.108255771,36001
53,4,0.408107074,36001
53,5,0.468882889,36001
53,1,0,36001
54,2,0.014754266,36001
54,3,0.108255771,36001
54,4,0.408107074,36001
54,5,0.468882889,36001
61,1,0,36001
61,2,0.051013647,36001
61,3,0.035282355,36001
61,4,0.804489176,36001
61,5,0.109214823,36001
62,1,0,36001
62,2,0.051013647,36001
62,3,0.035282355,36001
62,4,0.804489176,36001
62,5,0.109214823,36001
11,1,0,36003
11,2,0.029722431,36003
11,3,0.903530287,36003
11,4,0,36003
11,5,0.066747282,36003
21,1,0,36003
21,2,0.175797053,36003
21,3,0.748648808,36003
21,4,0,36003
21,5,0.07555414,36003
31,1,0,36003
31,2,0.175797053,36003
31,3,0.748648808,36003
31,4,0,36003
31,5,0.07555414,36003
32,1,0,36003
32,2,0.175797053,36003
32,3,0.748648808,36003
32,4,0,36003
32,5,0.07555414,36003
41,1,0,36003
41,2,0.171229993,36003
41,3,0.774494962,36003
41,4,0,36003
41,5,0.054275045,36003
42,1,0,36003
42,2,0.171229993,36003
42,3,0.774494962,36003
42,4,0,36003
42,5,0.054275045,36003
43,1,0,36003
43,2,0.171229993,36003
43,3,0.774494962,36003
43,4,0,36003
43,5,0.054275045,36003
51,1,0,36003
51,2,0.149179853,36003
51,3,0.802576383,36003
51,4,0,36003
51,5,0.048243765,36003
52,1,0,36003
52,2,0.149179853,36003
52,3,0.802576383,36003
52,4,0,36003
52,5,0.048243765,36003
53,1,0,36003
53,2,0.149179853,36003
53,3,0.802576383,36003
53,4,0,36003
53,5,0.048243765,36003
53,1,0,36003
54,2,0.149179853,36003
54,3,0.802576383,36003
54,4,0,36003
54,5,0.048243765,36003
61,1,0,36003
61,2,0.638664143,36003
61,3,0.347380199,36003
61,4,0,36003
61,5,0.013955658,36003
62,1,0,36003
62,2,0.638664143,36003
62,3,0.347380199,36003
62,4,0,36003
62,5,0.013955658,36003
11,1,0,36005
11,2,0,36005
11,3,0,36005
11,4,0.185156789,36005
11,5,0.814843211,36005
21,1,0,36005
21,2,0,36005
21,3,0,36005
21,4,0.574438142,36005
21,5,0.425561858,36005
31,1,0,36005
31,2,0,36005
31,3,0,36005
31,4,0.574438142,36005
31,5,0.425561858,36005
32,1,0,36005
32,2,0,36005
32,3,0,36005
32,4,0.574438142,36005
32,5,0.425561858,36005
41,1,0,36005
41,2,0,36005
41,3,0,36005
41,4,0.38191713,36005
41,5,0.61808287,36005
42,1,0,36005
42,2,0,36005
42,3,0,36005
42,4,0.38191713,36005
42,5,0.61808287,36005
43,1,0,36005
43,2,0,36005
43,3,0,36005
43,4,0.38191713,36005
43,5,0.61808287,36005
51,1,0,36005
51,2,0,36005
51,3,0,36005
51,4,0.490836555,36005
51,5,0.509163445,36005
52,1,0,36005
52,2,0,36005
52,3,0,36005
52,4,0.490836555,36005
52,5,0.509163445,36005
53,1,0,36005
53,2,0,36005
53,3,0,36005
53,4,0.490836555,36005
53,5,0.509163445,36005
53,1,0,36005
54,2,0,36005
54,3,0,36005
54,4,0.490836555,36005
54,5,0.509163445,36005
61,1,0,36005
61,2,0,36005
61,3,0,36005
61,4,0.773480147,36005
61,5,0.226519853,36005
62,1,0,36005
62,2,0,36005
62,3,0,36005
62,4,0.773480147,36005
62,5,0.226519853,36005
11,1,0,36007
11,2,0.188152332,36007
11,3,0.206017509,36007
11,4,0.089576679,36007
11,5,0.51625348,36007
21,1,0,36007
21,2,0.170075636,36007
21,3,0.124262257,36007
21,4,0.285197092,36007
21,5,0.420465015,36007
31,1,0,36007
31,2,0.170075636,36007
31,3,0.124262257,36007
31,4,0.285197092,36007
31,5,0.420465015,36007
32,1,0,36007
32,2,0.170075636,36007
32,3,0.124262257,36007
32,4,0.285197092,36007
32,5,0.420465015,36007
41,1,0,36007
41,2,0.162543059,36007
41,3,0.185240972,36007
41,4,0.188624631,36007
41,5,0.463591339,36007
42,1,0,36007
42,2,0.162543059,36007
42,3,0.185240972,36007
42,4,0.188624631,36007
42,5,0.463591339,36007
43,1,0,36007
43,2,0.162543059,36007
43,3,0.185240972,36007
43,4,0.188624631,36007
43,5,0.463591339,36007
51,1,0,36007
51,2,0.190516389,36007
51,3,0.168952313,36007
51,4,0.285625812,36007
51,5,0.354905486,36007
52,1,0,36007
52,2,0.190516389,36007
52,3,0.168952313,36007
52,4,0.285625812,36007
52,5,0.354905486,36007
53,1,0,36007
53,2,0.190516389,36007
53,3,0.168952313,36007
53,4,0.285625812,36007
53,5,0.354905486,36007
53,1,0,36007
54,2,0.190516389,36007
54,3,0.168952313,36007
54,4,0.285625812,36007
54,5,0.354905486,36007
61,1,0,36007
61,2,0.342618462,36007
61,3,0.037093775,36007
61,4,0.578696146,36007
61,5,0.041591616,36007
62,1,0,36007
62,2,0.342618462,36007
62,3,0.037093775,36007
62,4,0.578696146,36007
62,5,0.041591616,36007
11,1,0,36009
11,2,0.061828629,36009
11,3,0.748046108,36009
11,4,0.015880946,36009
11,5,0.174244317,36009
21,1,0,36009
21,2,0.147162332,36009
21,3,0.550847334,36009
21,4,0.080713172,36009
21,5,0.221277161,36009
31,1,0,36009
31,2,0.147162332,36009
31,3,0.550847334,36009
31,4,0.080713172,36009
31,5,0.221277161,36009
32,1,0,36009
32,2,0.147162332,36009
32,3,0.550847334,36009
32,4,0.080713172,36009
32,5,0.221277161,36009
41,1,0,36009
41,2,0.104410177,36009
41,3,0.662079851,36009
41,4,0.056961854,36009
41,5,0.176548118,36009
42,1,0,36009
42,2,0.104410177,36009
42,3,0.662079851,36009
42,4,0.056961854,36009
42,5,0.176548118,36009
43,1,0,36009
43,2,0.104410177,36009
43,3,0.662079851,36009
43,4,0.056961854,36009
43,5,0.176548118,36009
51,1,0,36009
51,2,0.151662939,36009
51,3,0.67560936,36009
51,4,0.046062536,36009
51,5,0.126665165,36009
52,1,0,36009
52,2,0.151662939,36009
52,3,0.67560936,36009
52,4,0.046062536,36009
52,5,0.126665165,36009
53,1,0,36009
53,2,0.151662939,36009
53,3,0.67560936,36009
53,4,0.046062536,36009
53,5,0.126665165,36009
53,1,0,36009
54,2,0.151662939,36009
54,3,0.67560936,36009
54,4,0.046062536,36009
54,5,0.126665165,36009
61,1,0,36009
61,2,0.549311451,36009
61,3,0.335927461,36009
61,4,0.080558825,36009
61,5,0.034202262,36009
62,1,0,36009
62,2,0.549311451,36009
62,3,0.335927461,36009
62,4,0.080558825,36009
62,5,0.034202262,36009
11,1,0,36011
11,2,0.156053857,36011
11,3,0.63907253,36011
11,4,0.00140986,36011
11,5,0.203463754,36011
21,1,0,36011
21,2,0.205844979,36011
21,3,0.553860912,36011
21,4,0.002038024,36011
21,5,0.238256085,36011
31,1,0,36011
31,2,0.205844979,36011
31,3,0.553860912,36011
31,4,0.002038024,36011
31,5,0.238256085,36011
32,1,0,36011
32,2,0.205844979,36011
32,3,0.553860912,36011
32,4,0.002038024,36011
32,5,0.238256085,36011
41,1,0,36011
41,2,0.110836679,36011
41,3,0.63383742,36011
41,4,0.001069296,36011
41,5,0.254256604,36011
42,1,0,36011
42,2,0.110836679,36011
42,3,0.63383742,36011
42,4,0.001069296,36011
42,5,0.254256604,36011
43,1,0,36011
43,2,0.110836679,36011
43,3,0.63383742,36011
43,4,0.001069296,36011
43,5,0.254256604,36011
51,1,0,36011
51,2,0.195765238,36011
51,3,0.644801898,36011
51,4,0.001429778,36011
51,5,0.158003086,36011
52,1,0,36011
52,2,0.195765238,36011
52,3,0.644801898,36011
52,4,0.001429778,36011
52,5,0.158003086,36011
53,1,0,36011
53,2,0.195765238,36011
53,3,0.644801898,36011
53,4,0.001429778,36011
53,5,0.158003086,36011
53,1,0,36011
54,2,0.195765238,36011
54,3,0.644801898,36011
54,4,0.001429778,36011
54,5,0.158003086,36011
61,1,0,36011
61,2,0.662261903,36011
61,3,0.302073896,36011
61,4,0.00192633,36011
61,5,0.033737871,36011
62,1,0,36011
62,2,0.662261903,36011
62,3,0.302073896,36011
62,4,0.00192633,36011
62,5,0.033737871,36011
11,1,0,36013
11,2,0.112764955,36013
11,3,0.568763879,36013
11,4,0.024830092,36013
11,5,0.293641074,36013
21,1,0,36013
21,2,0.226244294,36013
21,3,0.353046025,36013
21,4,0.106375791,36013
21,5,0.31433389,36013
31,1,0,36013
31,2,0.226244294,36013
31,3,0.353046025,36013
31,4,0.106375791,36013
31,5,0.31433389,36013
32,1,0,36013
32,2,0.226244294,36013
32,3,0.353046025,36013
32,4,0.106375791,36013
32,5,0.31433389,36013
41,1,0,36013
41,2,0.176253654,36013
41,3,0.46593439,36013
41,4,0.082432187,36013
41,5,0.275379769,36013
42,1,0,36013
42,2,0.176253654,36013
42,3,0.46593439,36013
42,4,0.082432187,36013
42,5,0.275379769,36013
43,1,0,36013
43,2,0.176253654,36013
43,3,0.46593439,36013
43,4,0.082432187,36013
43,5,0.275379769,36013
51,1,0,36013
51,2,0.257124137,36013
51,3,0.477505237,36013
51,4,0.066946618,36013
51,5,0.198424008,36013
52,1,0,36013
52,2,0.257124137,36013
52,3,0.477505237,36013
52,4,0.066946618,36013
52,5,0.198424008,36013
53,1,0,36013
53,2,0.257124137,36013
53,3,0.477505237,36013
53,4,0.066946618,36013
53,5,0.198424008,36013
53,1,0,36013
54,2,0.257124137,36013
54,3,0.477505237,36013
54,4,0.066946618,36013
54,5,0.198424008,36013
61,1,0,36013
61,2,0.695314118,36013
61,3,0.177266636,36013
61,4,0.087416402,36013
61,5,0.040002844,36013
62,1,0,36013
62,2,0.695314118,36013
62,3,0.177266636,36013
62,4,0.087416402,36013
62,5,0.040002844,36013
11,1,0,36015
11,2,0.027660446,36015
11,3,0.283160255,36015
11,4,0.074989364,36015
11,5,0.614189934,36015
21,1,0,36015
21,2,0.121792059,36015
21,3,0.17466273,36015
21,4,0.185986171,36015
21,5,0.51755904,36015
31,1,0,36015
31,2,0.121792059,36015
31,3,0.17466273,36015
31,4,0.185986171,36015
31,5,0.51755904,36015
32,1,0,36015
32,2,0.121792059,36015
32,3,0.17466273,36015
32,4,0.185986171,36015
32,5,0.51755904,36015
41,1,0,36015
41,2,0.143399111,36015
41,3,0.218423791,36015
41,4,0.188748132,36015
41,5,0.449428967,36015
42,1,0,36015
42,2,0.143399111,36015
42,3,0.218423791,36015
42,4,0.188748132,36015
42,5,0.449428967,36015
43,1,0,36015
43,2,0.143399111,36015
43,3,0.218423791,36015
43,4,0.188748132,36015
43,5,0.449428967,36015
51,1,0,36015
51,2,0.139851786,36015
51,3,0.253372187,36015
51,4,0.159584795,36015
51,5,0.447191232,36015
52,1,0,36015
52,2,0.139851786,36015
52,3,0.253372187,36015
52,4,0.159584795,36015
52,5,0.447191232,36015
53,1,0,36015
53,2,0.139851786,36015
53,3,0.253372187,36015
53,4,0.159584795,36015
53,5,0.447191232,36015
53,1,0,36015
54,2,0.139851786,36015
54,3,0.253372187,36015
54,4,0.159584795,36015
54,5,0.447191232,36015
61,1,0,36015
61,2,0.461066924,36015
61,3,0.084452248,36015
61,4,0.354863247,36015
61,5,0.099617581,36015
62,1,0,36015
62,2,0.461066924,36015
62,3,0.084452248,36015
62,4,0.354863247,36015
62,5,0.099617581,36015
11,1,0,36017
11,2,0.065435167,36017
11,3,0.794744283,36017
11,4,0,36017
11,5,0.139820551,36017
21,1,0,36017
21,2,0.090664768,36017
21,3,0.734780058,36017
21,4,0,36017
21,5,0.174555174,36017
31,1,0,36017
31,2,0.090664768,36017
31,3,0.734780058,36017
31,4,0,36017
31,5,0.174555174,36017
32,1,0,36017
32,2,0.090664768,36017
32,3,0.734780058,36017
32,4,0,36017
32,5,0.174555174,36017
41,1,0,36017
41,2,0.063042224,36017
41,3,0.796933021,36017
41,4,0,36017
41,5,0.140024755,36017
42,1,0,36017
42,2,0.063042224,36017
42,3,0.796933021,36017
42,4,0,36017
42,5,0.140024755,36017
43,1,0,36017
43,2,0.063042224,36017
43,3,0.796933021,36017
43,4,0,36017
43,5,0.140024755,36017
51,1,0,36017
51,2,0.081383372,36017
51,3,0.800551277,36017
51,4,0,36017
51,5,0.118065351,36017
52,1,0,36017
52,2,0.081383372,36017
52,3,0.800551277,36017
52,4,0,36017
52,5,0.118065351,36017
53,1,0,36017
53,2,0.081383372,36017
53,3,0.800551277,36017
53,4,0,36017
53,5,0.118065351,36017
53,1,0,36017
54,2,0.081383372,36017
54,3,0.800551277,36017
54,4,0,36017
54,5,0.118065351,36017
61,1,0,36017
61,2,0.435644234,36017
61,3,0.523171302,36017
61,4,0,36017
61,5,0.041184464,36017
62,1,0,36017
62,2,0.435644234,36017
62,3,0.523171302,36017
62,4,0,36017
62,5,0.041184464,36017
11,1,0,36019
11,2,0.027326875,36019
11,3,0.651080014,36019
11,4,0.027728741,36019
11,5,0.29386437,36019
21,1,0,36019
21,2,0.115569283,36019
21,3,0.494580457,36019
21,4,0.073756683,36019
21,5,0.316093576,36019
31,1,0,36019
31,2,0.115569283,36019
31,3,0.494580457,36019
31,4,0.073756683,36019
31,5,0.316093576,36019
32,1,0,36019
32,2,0.115569283,36019
32,3,0.494580457,36019
32,4,0.073756683,36019
32,5,0.316093576,36019
41,1,0,36019
41,2,0.059703752,36019
41,3,0.60867854,36019
41,4,0.064585714,36019
41,5,0.267031994,36019
42,1,0,36019
42,2,0.059703752,36019
42,3,0.60867854,36019
42,4,0.064585714,36019
42,5,0.267031994,36019
43,1,0,36019
43,2,0.059703752,36019
43,3,0.60867854,36019
43,4,0.064585714,36019
43,5,0.267031994,36019
51,1,0,36019
51,2,0.093424727,36019
51,3,0.558381992,36019
51,4,0.054658045,36019
51,5,0.293535236,36019
52,1,0,36019
52,2,0.093424727,36019
52,3,0.558381992,36019
52,4,0.054658045,36019
52,5,0.293535236,36019
53,1,0,36019
53,2,0.093424727,36019
53,3,0.558381992,36019
53,4,0.054658045,36019
53,5,0.293535236,36019
53,1,0,36019
54,2,0.093424727,36019
54,3,0.558381992,36019
54,4,0.054658045,36019
54,5,0.293535236,36019
61,1,0,36019
61,2,0.403791829,36019
61,3,0.3702521,36019
61,4,0.151603181,36019
61,5,0.07435289,36019
62,1,0,36019
62,2,0.403791829,36019
62,3,0.3702521,36019
62,4,0.151603181,36019
62,5,0.07435289,36019
11,1,0,36021
11,2,0.075865905,36021
11,3,0.670162395,36021
11,4,0,36021
11,5,0.2539717,36021
21,1,0,36021
21,2,0.201763761,36021
21,3,0.508176706,36021
21,4,0,36021
21,5,0.290059533,36021
31,1,0,36021
31,2,0.201763761,36021
31,3,0.508176706,36021
31,4,0,36021
31,5,0.290059533,36021
32,1,0,36021
32,2,0.201763761,36021
32,3,0.508176706,36021
32,4,0,36021
32,5,0.290059533,36021
41,1,0,36021
41,2,0.133725518,36021
41,3,0.565499677,36021
41,4,0,36021
41,5,0.300774805,36021
42,1,0,36021
42,2,0.133725518,36021
42,3,0.565499677,36021
42,4,0,36021
42,5,0.300774805,36021
43,1,0,36021
43,2,0.133725518,36021
43,3,0.565499677,36021
43,4,0,36021
43,5,0.300774805,36021
51,1,0,36021
51,2,0.18082252,36021
51,3,0.585981348,36021
51,4,0,36021
51,5,0.233196132,36021
52,1,0,36021
52,2,0.18082252,36021
52,3,0.585981348,36021
52,4,0,36021
52,5,0.233196132,36021
53,1,0,36021
53,2,0.18082252,36021
53,3,0.585981348,36021
53,4,0,36021
53,5,0.233196132,36021
53,1,0,36021
54,2,0.18082252,36021
54,3,0.585981348,36021
54,4,0,36021
54,5,0.233196132,36021
61,1,0,36021
61,2,0.735026962,36021
61,3,0.212911234,36021
61,4,0,36021
61,5,0.052061804,36021
62,1,0,36021
62,2,0.735026962,36021
62,3,0.212911234,36021
62,4,0,36021
62,5,0.052061804,36021
11,1,0,36023
11,2,0.275708192,36023
11,3,0.392195813,36023
11,4,0.060995513,36023
11,5,0.271100482,36023
21,1,0,36023
21,2,0.327870191,36023
21,3,0.30643616,36023
21,4,0.079490948,36023
21,5,0.286202701,36023
31,1,0,36023
31,2,0.327870191,36023
31,3,0.30643616,36023
31,4,0.079490948,36023
31,5,0.286202701,36023
32,1,0,36023
32,2,0.327870191,36023
32,3,0.30643616,36023
32,4,0.079490948,36023
32,5,0.286202701,36023
41,1,0,36023
41,2,0.201909612,36023
41,3,0.40107815,36023
41,4,0.047699999,36023
41,5,0.349312239,36023
42,1,0,36023
42,2,0.201909612,36023
42,3,0.40107815,36023
42,4,0.047699999,36023
42,5,0.349312239,36023
43,1,0,36023
43,2,0.201909612,36023
43,3,0.40107815,36023
43,4,0.047699999,36023
43,5,0.349312239,36023
51,1,0,36023
51,2,0.341104781,36023
51,3,0.390261921,36023
51,4,0.061005321,36023
51,5,0.207627977,36023
52,1,0,36023
52,2,0.341104781,36023
52,3,0.390261921,36023
52,4,0.061005321,36023
52,5,0.207627977,36023
53,1,0,36023
53,2,0.341104781,36023
53,3,0.390261921,36023
53,4,0.061005321,36023
53,5,0.207627977,36023
53,1,0,36023
54,2,0.341104781,36023
54,3,0.390261921,36023
54,4,0.061005321,36023
54,5,0.207627977,36023
61,1,0,36023
61,2,0.788590042,36023
61,3,0.124943122,36023
61,4,0.056169304,36023
61,5,0.030297532,36023
62,1,0,36023
62,2,0.788590042,36023
62,3,0.124943122,36023
62,4,0.056169304,36023
62,5,0.030297532,36023
11,1,0,36025
11,2,0.100885247,36025
11,3,0.816824113,36025
11,4,0.010020484,36025
11,5,0.072270156,36025
21,1,0,36025
21,2,0.135173303,36025
21,3,0.730288433,36025
21,4,0.047290033,36025
21,5,0.087248231,36025
31,1,0,36025
31,2,0.135173303,36025
31,3,0.730288433,36025
31,4,0.047290033,36025
31,5,0.087248231,36025
32,1,0,36025
32,2,0.135173303,36025
32,3,0.730288433,36025
32,4,0.047290033,36025
32,5,0.087248231,36025
41,1,0,36025
41,2,0.096026592,36025
41,3,0.809219799,36025
41,4,0.023248621,36025
41,5,0.071504989,36025
42,1,0,36025
42,2,0.096026592,36025
42,3,0.809219799,36025
42,4,0.023248621,36025
42,5,0.071504989,36025
43,1,0,36025
43,2,0.096026592,36025
43,3,0.809219799,36025
43,4,0.023248621,36025
43,5,0.071504989,36025
51,1,0,36025
51,2,0.119665323,36025
51,3,0.78470511,36025
51,4,0.037429078,36025
51,5,0.058200489,36025
52,1,0,36025
52,2,0.119665323,36025
52,3,0.78470511,36025
52,4,0.037429078,36025
52,5,0.058200489,36025
53,1,0,36025
53,2,0.119665323,36025
53,3,0.78470511,36025
53,4,0.037429078,36025
53,5,0.058200489,36025
53,1,0,36025
54,2,0.119665323,36025
54,3,0.78470511,36025
54,4,0.037429078,36025
54,5,0.058200489,36025
61,1,0,36025
61,2,0.457740852,36025
61,3,0.366451334,36025
61,4,0.161300312,36025
61,5,0.014507502,36025
62,1,0,36025
62,2,0.457740852,36025
62,3,0.366451334,36025
62,4,0.161300312,36025
62,5,0.014507502,36025
11,1,0,36027
11,2,0.020173305,36027
11,3,0.298490191,36027
11,4,0.095855088,36027
11,5,0.585481417,36027
21,1,0,36027
21,2,0.046826272,36027
21,3,0.197551705,36027
21,4,0.172000969,36027
21,5,0.583621055,36027
31,1,0,36027
31,2,0.046826272,36027
31,3,0.197551705,36027
31,4,0.172000969,36027
31,5,0.583621055,36027
32,1,0,36027
32,2,0.046826272,36027
32,3,0.197551705,36027
32,4,0.172000969,36027
32,5,0.583621055,36027
41,1,0,36027
41,2,0.031653555,36027
41,3,0.224212682,36027
41,4,0.126903735,36027
41,5,0.617230028,36027
42,1,0,36027
42,2,0.031653555,36027
42,3,0.224212682,36027
42,4,0.126903735,36027
42,5,0.617230028,36027
43,1,0,36027
43,2,0.031653555,36027
43,3,0.224212682,36027
43,4,0.126903735,36027
43,5,0.617230028,36027
51,1,0,36027
51,2,0.045230482,36027
51,3,0.245517301,36027
51,4,0.203547002,36027
51,5,0.505705215,36027
52,1,0,36027
52,2,0.045230482,36027
52,3,0.245517301,36027
52,4,0.203547002,36027
52,5,0.505705215,36027
53,1,0,36027
53,2,0.045230482,36027
53,3,0.245517301,36027
53,4,0.203547002,36027
53,5,0.505705215,36027
53,1,0,36027
54,2,0.045230482,36027
54,3,0.245517301,36027
54,4,0.203547002,36027
54,5,0.505705215,36027
61,1,0,36027
61,2,0.210166529,36027
61,3,0.10197142,36027
61,4,0.558806442,36027
61,5,0.129055609,36027
62,1,0,36027
62,2,0.210166529,36027
62,3,0.10197142,36027
62,4,0.558806442,36027
62,5,0.129055609,36027
11,1,0,36029
11,2,0.022221394,36029
11,3,0.162720855,36029
11,4,0.09222422,36029
11,5,0.722833531,36029
21,1,0,36029
21,2,0.033917724,36029
21,3,0.076841256,36029
21,4,0.3005809,36029
21,5,0.588660119,36029
31,1,0,36029
31,2,0.033917724,36029
31,3,0.076841256,36029
31,4,0.3005809,36029
31,5,0.588660119,36029
32,1,0,36029
32,2,0.033917724,36029
32,3,0.076841256,36029
32,4,0.3005809,36029
32,5,0.588660119,36029
41,1,0,36029
41,2,0.030147438,36029
41,3,0.11570473,36029
41,4,0.265753269,36029
41,5,0.588394564,36029
42,1,0,36029
42,2,0.030147438,36029
42,3,0.11570473,36029
42,4,0.265753269,36029
42,5,0.588394564,36029
43,1,0,36029
43,2,0.030147438,36029
43,3,0.11570473,36029
43,4,0.265753269,36029
43,5,0.588394564,36029
51,1,0,36029
51,2,0.054813752,36029
51,3,0.147787902,36029
51,4,0.268995389,36029
51,5,0.528402956,36029
52,1,0,36029
52,2,0.054813752,36029
52,3,0.147787902,36029
52,4,0.268995389,36029
52,5,0.528402956,36029
53,1,0,36029
53,2,0.054813752,36029
53,3,0.147787902,36029
53,4,0.268995389,36029
53,5,0.528402956,36029
53,1,0,36029
54,2,0.054813752,36029
54,3,0.147787902,36029
54,4,0.268995389,36029
54,5,0.528402956,36029
61,1,0,36029
61,2,0.224293336,36029
61,3,0.083018788,36029
61,4,0.53149326,36029
61,5,0.161194616,36029
62,1,0,36029
62,2,0.224293336,36029
62,3,0.083018788,36029
62,4,0.53149326,36029
62,5,0.161194616,36029
11,1,0,36031
11,2,0.040610151,36031
11,3,0.937725315,36031
11,4,0,36031
11,5,0.021664533,36031
21,1,0,36031
21,2,0.250006375,36031
21,3,0.708360333,36031
21,4,0,36031
21,5,0.041633292,36031
31,1,0,36031
31,2,0.250006375,36031
31,3,0.708360333,36031
31,4,0,36031
31,5,0.041633292,36031
32,1,0,36031
32,2,0.250006375,36031
32,3,0.708360333,36031
32,4,0,36031
32,5,0.041633292,36031
41,1,0,36031
41,2,0.19116708,36031
41,3,0.768161123,36031
41,4,0,36031
41,5,0.040671797,36031
42,1,0,36031
42,2,0.19116708,36031
42,3,0.768161123,36031
42,4,0,36031
42,5,0.040671797,36031
43,1,0,36031
43,2,0.19116708,36031
43,3,0.768161123,36031
43,4,0,36031
43,5,0.040671797,36031
51,1,0,36031
51,2,0.196836747,36031
51,3,0.777802126,36031
51,4,0,36031
51,5,0.025361127,36031
52,1,0,36031
52,2,0.196836747,36031
52,3,0.777802126,36031
52,4,0,36031
52,5,0.025361127,36031
53,1,0,36031
53,2,0.196836747,36031
53,3,0.777802126,36031
53,4,0,36031
53,5,0.025361127,36031
53,1,0,36031
54,2,0.196836747,36031
54,3,0.777802126,36031
54,4,0,36031
54,5,0.025361127,36031
61,1,0,36031
61,2,0.724030186,36031
61,3,0.269685361,36031
61,4,0,36031
61,5,0.006284453,36031
62,1,0,36031
62,2,0.724030186,36031
62,3,0.269685361,36031
62,4,0,36031
62,5,0.006284453,36031
11,1,0,36033
11,2,0,36033
11,3,0.875810926,36033
11,4,0,36033
11,5,0.124189074,36033
21,1,0,36033
21,2,0,36033
21,3,0.832786013,36033
21,4,0,36033
21,5,0.167213987,36033
31,1,0,36033
31,2,0,36033
31,3,0.832786013,36033
31,4,0,36033
31,5,0.167213987,36033
32,1,0,36033
32,2,0,36033
32,3,0.832786013,36033
32,4,0,36033
32,5,0.167213987,36033
41,1,0,36033
41,2,0,36033
41,3,0.878867869,36033
41,4,0,36033
41,5,0.121132131,36033
42,1,0,36033
42,2,0,36033
42,3,0.878867869,36033
42,4,0,36033
42,5,0.121132131,36033
43,1,0,36033
43,2,0,36033
43,3,0.878867869,36033
43,4,0,36033
43,5,0.121132131,36033
51,1,0,36033
51,2,0,36033
51,3,0.85825559,36033
51,4,0,36033
51,5,0.14174441,36033
52,1,0,36033
52,2,0,36033
52,3,0.85825559,36033
52,4,0,36033
52,5,0.14174441,36033
53,1,0,36033
53,2,0,36033
53,3,0.85825559,36033
53,4,0,36033
53,5,0.14174441,36033
53,1,0,36033
54,2,0,36033
54,3,0.85825559,36033
54,4,0,36033
54,5,0.14174441,36033
61,1,0,36033
61,2,0,36033
61,3,0.940654098,36033
61,4,0,36033
61,5,0.059345902,36033
62,1,0,36033
62,2,0,36033
62,3,0.940654098,36033
62,4,0,36033
62,5,0.059345902,36033
11,1,0,36035
11,2,0,36035
11,3,0.778386655,36035
11,4,0,36035
11,5,0.221613345,36035
21,1,0,36035
21,2,0,36035
21,3,0.649107742,36035
21,4,0,36035
21,5,0.350892258,36035
31,1,0,36035
31,2,0,36035
31,3,0.649107742,36035
31,4,0,36035
31,5,0.350892258,36035
32,1,0,36035
32,2,0,36035
32,3,0.649107742,36035
32,4,0,36035
32,5,0.350892258,36035
41,1,0,36035
41,2,0,36035
41,3,0.694086824,36035
41,4,0,36035
41,5,0.305913176,36035
42,1,0,36035
42,2,0,36035
42,3,0.694086824,36035
42,4,0,36035
42,5,0.305913176,36035
43,1,0,36035
43,2,0,36035
43,3,0.694086824,36035
43,4,0,36035
43,5,0.305913176,36035
51,1,0,36035
51,2,0,36035
51,3,0.739696121,36035
51,4,0,36035
51,5,0.260303879,36035
52,1,0,36035
52,2,0,36035
52,3,0.739696121,36035
52,4,0,36035
52,5,0.260303879,36035
53,1,0,36035
53,2,0,36035
53,3,0.739696121,36035
53,4,0,36035
53,5,0.260303879,36035
53,1,0,36035
54,2,0,36035
54,3,0.739696121,36035
54,4,0,36035
54,5,0.260303879,36035
61,1,0,36035
61,2,0,36035
61,3,0.824225456,36035
61,4,0,36035
61,5,0.175774544,36035
62,1,0,36035
62,2,0,36035
62,3,0.824225456,36035
62,4,0,36035
62,5,0.175774544,36035
11,1,0,36037
11,2,0.179165161,36037
11,3,0.687582753,36037
11,4,0.035572501,36037
11,5,0.097679585,36037
21,1,0,36037
21,2,0.331436347,36037
21,3,0.495445079,36037
21,4,0.060894136,36037
21,5,0.112224438,36037
31,1,0,36037
31,2,0.331436347,36037
31,3,0.495445079,36037
31,4,0.060894136,36037
31,5,0.112224438,36037
32,1,0,36037
32,2,0.331436347,36037
32,3,0.495445079,36037
32,4,0.060894136,36037
32,5,0.112224438,36037
41,1,0,36037
41,2,0.351166929,36037
41,3,0.513399821,36037
41,4,0.041833644,36037
41,5,0.093599606,36037
42,1,0,36037
42,2,0.351166929,36037
42,3,0.513399821,36037
42,4,0.041833644,36037
42,5,0.093599606,36037
43,1,0,36037
43,2,0.351166929,36037
43,3,0.513399821,36037
43,4,0.041833644,36037
43,5,0.093599606,36037
51,1,0,36037
51,2,0.312124921,36037
51,3,0.592166838,36037
51,4,0.031115825,36037
51,5,0.064592416,36037
52,1,0,36037
52,2,0.312124921,36037
52,3,0.592166838,36037
52,4,0.031115825,36037
52,5,0.064592416,36037
53,1,0,36037
53,2,0.312124921,36037
53,3,0.592166838,36037
53,4,0.031115825,36037
53,5,0.064592416,36037
53,1,0,36037
54,2,0.312124921,36037
54,3,0.592166838,36037
54,4,0.031115825,36037
54,5,0.064592416,36037
61,1,0,36037
61,2,0.691886468,36037
61,3,0.278951816,36037
61,4,0.016317291,36037
61,5,0.012844425,36037
62,1,0,36037
62,2,0.691886468,36037
62,3,0.278951816,36037
62,4,0.016317291,36037
62,5,0.012844425,36037
11,1,0,36039
11,2,0.081559818,36039
11,3,0.819386347,36039
11,4,0.004701896,36039
11,5,0.094351939,36039
21,1,0,36039
21,2,0.380042501,36039
21,3,0.468496944,36039
21,4,0.014220247,36039
21,5,0.137240308,36039
31,1,0,36039
31,2,0.380042501,36039
31,3,0.468496944,36039
31,4,0.014220247,36039
31,5,0.137240308,36039
32,1,0,36039
32,2,0.380042501,36039
32,3,0.468496944,36039
32,4,0.014220247,36039
32,5,0.137240308,36039
41,1,0,36039
41,2,0.307922893,36039
41,3,0.538335029,36039
41,4,0.011678719,36039
41,5,0.14206336,36039
42,1,0,36039
42,2,0.307922893,36039
42,3,0.538335029,36039
42,4,0.011678719,36039
42,5,0.14206336,36039
43,1,0,36039
43,2,0.307922893,36039
43,3,0.538335029,36039
43,4,0.011678719,36039
43,5,0.14206336,36039
51,1,0,36039
51,2,0.330566492,36039
51,3,0.568320368,36039
51,4,0.00875375,36039
51,5,0.09235939,36039
52,1,0,36039
52,2,0.330566492,36039
52,3,0.568320368,36039
52,4,0.00875375,36039
52,5,0.09235939,36039
53,1,0,36039
53,2,0.330566492,36039
53,3,0.568320368,36039
53,4,0.00875375,36039
53,5,0.09235939,36039
53,1,0,36039
54,2,0.330566492,36039
54,3,0.568320368,36039
54,4,0.00875375,36039
54,5,0.09235939,36039
61,1,0,36039
61,2,0.836135363,36039
61,3,0.135502945,36039
61,4,0.012623774,36039
61,5,0.015737918,36039
62,1,0,36039
62,2,0.836135363,36039
62,3,0.135502945,36039
62,4,0.012623774,36039
62,5,0.015737918,36039
11,1,0,36041
11,2,0,36041
11,3,1,36041
11,4,0,36041
11,5,0,36041
21,1,0,36041
21,2,0,36041
21,3,1,36041
21,4,0,36041
21,5,0,36041
31,1,0,36041
31,2,0,36041
31,3,1,36041
31,4,0,36041
31,5,0,36041
32,1,0,36041
32,2,0,36041
32,3,1,36041
32,4,0,36041
32,5,0,36041
41,1,0,36041
41,2,0,36041
41,3,1,36041
41,4,0,36041
41,5,0,36041
42,1,0,36041
42,2,0,36041
42,3,1,36041
42,4,0,36041
42,5,0,36041
43,1,0,36041
43,2,0,36041
43,3,1,36041
43,4,0,36041
43,5,0,36041
51,1,0,36041
51,2,0,36041
51,3,1,36041
51,4,0,36041
51,5,0,36041
52,1,0,36041
52,2,0,36041
52,3,1,36041
52,4,0,36041
52,5,0,36041
53,1,0,36041
53,2,0,36041
53,3,1,36041
53,4,0,36041
53,5,0,36041
53,1,0,36041
54,2,0,36041
54,3,1,36041
54,4,0,36041
54,5,0,36041
61,1,0,36041
61,2,0,36041
61,3,1,36041
61,4,0,36041
61,5,0,36041
62,1,0,36041
62,2,0,36041
62,3,1,36041
62,4,0,36041
62,5,0,36041
11,1,0,36043
11,2,0.04884372,36043
11,3,0.618022085,36043
11,4,0.13582903,36043
11,5,0.197305165,36043
21,1,0,36043
21,2,0.119954171,36043
21,3,0.398810779,36043
21,4,0.239489874,36043
21,5,0.241745176,36043
31,1,0,36043
31,2,0.119954171,36043
31,3,0.398810779,36043
31,4,0.239489874,36043
31,5,0.241745176,36043
32,1,0,36043
32,2,0.119954171,36043
32,3,0.398810779,36043
32,4,0.239489874,36043
32,5,0.241745176,36043
41,1,0,36043
41,2,0.065976163,36043
41,3,0.507885169,36043
41,4,0.175132817,36043
41,5,0.251005851,36043
42,1,0,36043
42,2,0.065976163,36043
42,3,0.507885169,36043
42,4,0.175132817,36043
42,5,0.251005851,36043
43,1,0,36043
43,2,0.065976163,36043
43,3,0.507885169,36043
43,4,0.175132817,36043
43,5,0.251005851,36043
51,1,0,36043
51,2,0.10423058,36043
51,3,0.490819121,36043
51,4,0.211271223,36043
51,5,0.193679076,36043
52,1,0,36043
52,2,0.10423058,36043
52,3,0.490819121,36043
52,4,0.211271223,36043
52,5,0.193679076,36043
53,1,0,36043
53,2,0.10423058,36043
53,3,0.490819121,36043
53,4,0.211271223,36043
53,5,0.193679076,36043
53,1,0,36043
54,2,0.10423058,36043
54,3,0.490819121,36043
54,4,0.211271223,36043
54,5,0.193679076,36043
61,1,0,36043
61,2,0.30323565,36043
61,3,0.15223154,36043
61,4,0.508128858,36043
61,5,0.036403952,36043
62,1,0,36043
62,2,0.30323565,36043
62,3,0.15223154,36043
62,4,0.508128858,36043
62,5,0.036403952,36043
11,1,0,36045
11,2,0.034547892,36045
11,3,0.565683646,36045
11,4,0.031440409,36045
11,5,0.368328053,36045
21,1,0,36045
21,2,0.138407264,36045
21,3,0.407062496,36045
21,4,0.079221727,36045
21,5,0.375308512,36045
31,1,0,36045
31,2,0.138407264,36045
31,3,0.407062496,36045
31,4,0.079221727,36045
31,5,0.375308512,36045
32,1,0,36045
32,2,0.138407264,36045
32,3,0.407062496,36045
32,4,0.079221727,36045
32,5,0.375308512,36045
41,1,0,36045
41,2,0.074566694,36045
41,3,0.522443019,36045
41,4,0.072344613,36045
41,5,0.330645673,36045
42,1,0,36045
42,2,0.074566694,36045
42,3,0.522443019,36045
42,4,0.072344613,36045
42,5,0.330645673,36045
43,1,0,36045
43,2,0.074566694,36045
43,3,0.522443019,36045
43,4,0.072344613,36045
43,5,0.330645673,36045
51,1,0,36045
51,2,0.114322533,36045
51,3,0.469579447,36045
51,4,0.059986091,36045
51,5,0.356111929,36045
52,1,0,36045
52,2,0.114322533,36045
52,3,0.469579447,36045
52,4,0.059986091,36045
52,5,0.356111929,36045
53,1,0,36045
53,2,0.114322533,36045
53,3,0.469579447,36045
53,4,0.059986091,36045
53,5,0.356111929,36045
53,1,0,36045
54,2,0.114322533,36045
54,3,0.469579447,36045
54,4,0.059986091,36045
54,5,0.356111929,36045
61,1,0,36045
61,2,0.465237868,36045
61,3,0.293172167,36045
61,4,0.156657904,36045
61,5,0.084932061,36045
62,1,0,36045
62,2,0.465237868,36045
62,3,0.293172167,36045
62,4,0.156657904,36045
62,5,0.084932061,36045
11,1,0,36047
11,2,0,36047
11,3,0,36047
11,4,0.092431023,36047
11,5,0.907568977,36047
21,1,0,36047
21,2,0,36047
21,3,0,36047
21,4,0.376945812,36047
21,5,0.623054188,36047
31,1,0,36047
31,2,0,36047
31,3,0,36047
31,4,0.376945812,36047
31,5,0.623054188,36047
32,1,0,36047
32,2,0,36047
32,3,0,36047
32,4,0.376945812,36047
32,5,0.623054188,36047
41,1,0,36047
41,2,0,36047
41,3,0,36047
41,4,0.216881475,36047
41,5,0.783118525,36047
42,1,0,36047
42,2,0,36047
42,3,0,36047
42,4,0.216881475,36047
42,5,0.783118525,36047
43,1,0,36047
43,2,0,36047
43,3,0,36047
43,4,0.216881475,36047
43,5,0.783118525,36047
51,1,0,36047
51,2,0,36047
51,3,0,36047
51,4,0.301709191,36047
51,5,0.698290809,36047
52,1,0,36047
52,2,0,36047
52,3,0,36047
52,4,0.301709191,36047
52,5,0.698290809,36047
53,1,0,36047
53,2,0,36047
53,3,0,36047
53,4,0.301709191,36047
53,5,0.698290809,36047
53,1,0,36047
54,2,0,36047
54,3,0,36047
54,4,0.301709191,36047
54,5,0.698290809,36047
61,1,0,36047
61,2,0,36047
61,3,0,36047
61,4,0.604811329,36047
61,5,0.395188671,36047
62,1,0,36047
62,2,0,36047
62,3,0,36047
62,4,0.604811329,36047
62,5,0.395188671,36047
11,1,0,36049
11,2,0,36049
11,3,1,36049
11,4,0,36049
11,5,0,36049
21,1,0,36049
21,2,0,36049
21,3,1,36049
21,4,0,36049
21,5,0,36049
31,1,0,36049
31,2,0,36049
31,3,1,36049
31,4,0,36049
31,5,0,36049
32,1,0,36049
32,2,0,36049
32,3,1,36049
32,4,0,36049
32,5,0,36049
41,1,0,36049
41,2,0,36049
41,3,1,36049
41,4,0,36049
41,5,0,36049
42,1,0,36049
42,2,0,36049
42,3,1,36049
42,4,0,36049
42,5,0,36049
43,1,0,36049
43,2,0,36049
43,3,1,36049
43,4,0,36049
43,5,0,36049
51,1,0,36049
51,2,0,36049
51,3,1,36049
51,4,0,36049
51,5,0,36049
52,1,0,36049
52,2,0,36049
52,3,1,36049
52,4,0,36049
52,5,0,36049
53,1,0,36049
53,2,0,36049
53,3,1,36049
53,4,0,36049
53,5,0,36049
53,1,0,36049
54,2,0,36049
54,3,1,36049
54,4,0,36049
54,5,0,36049
61,1,0,36049
61,2,0,36049
61,3,1,36049
61,4,0,36049
61,5,0,36049
62,1,0,36049
62,2,0,36049
62,3,1,36049
62,4,0,36049
62,5,0,36049
11,1,0,36051
11,2,0.121403024,36051
11,3,0.783804693,36051
11,4,0.016488338,36051
11,5,0.078303944,36051
21,1,0,36051
21,2,0.247460189,36051
21,3,0.622311277,36051
21,4,0.03110049,36051
21,5,0.099128045,36051
31,1,0,36051
31,2,0.247460189,36051
31,3,0.622311277,36051
31,4,0.03110049,36051
31,5,0.099128045,36051
32,1,0,36051
32,2,0.247460189,36051
32,3,0.622311277,36051
32,4,0.03110049,36051
32,5,0.099128045,36051
41,1,0,36051
41,2,0.259313854,36051
41,3,0.637785685,36051
41,4,0.021131209,36051
41,5,0.081769251,36051
42,1,0,36051
42,2,0.259313854,36051
42,3,0.637785685,36051
42,4,0.021131209,36051
42,5,0.081769251,36051
43,1,0,36051
43,2,0.259313854,36051
43,3,0.637785685,36051
43,4,0.021131209,36051
43,5,0.081769251,36051
51,1,0,36051
51,2,0.22198926,36051
51,3,0.708523967,36051
51,4,0.015138101,36051
51,5,0.054348672,36051
52,1,0,36051
52,2,0.22198926,36051
52,3,0.708523967,36051
52,4,0.015138101,36051
52,5,0.054348672,36051
53,1,0,36051
53,2,0.22198926,36051
53,3,0.708523967,36051
53,4,0.015138101,36051
53,5,0.054348672,36051
53,1,0,36051
54,2,0.22198926,36051
54,3,0.708523967,36051
54,4,0.015138101,36051
54,5,0.054348672,36051
61,1,0,36051
61,2,0.58262734,36051
61,3,0.395177456,36051
61,4,0.009399194,36051
61,5,0.01279601,36051
62,1,0,36051
62,2,0.58262734,36051
62,3,0.395177456,36051
62,4,0.009399194,36051
62,5,0.01279601,36051
11,1,0,36053
11,2,0.047192524,36053
11,3,0.751956981,36053
11,4,0.063379156,36053
11,5,0.137471338,36053
21,1,0,36053
21,2,0.131506004,36053
21,3,0.550581539,36053
21,4,0.126796355,36053
21,5,0.191116102,36053
31,1,0,36053
31,2,0.131506004,36053
31,3,0.550581539,36053
31,4,0.126796355,36053
31,5,0.191116102,36053
32,1,0,36053
32,2,0.131506004,36053
32,3,0.550581539,36053
32,4,0.126796355,36053
32,5,0.191116102,36053
41,1,0,36053
41,2,0.067937308,36053
41,3,0.658584247,36053
41,4,0.087091986,36053
41,5,0.186386459,36053
42,1,0,36053
42,2,0.067937308,36053
42,3,0.658584247,36053
42,4,0.087091986,36053
42,5,0.186386459,36053
43,1,0,36053
43,2,0.067937308,36053
43,3,0.658584247,36053
43,4,0.087091986,36053
43,5,0.186386459,36053
51,1,0,36053
51,2,0.108121968,36053
51,3,0.641157591,36053
51,4,0.105839679,36053
51,5,0.144880762,36053
52,1,0,36053
52,2,0.108121968,36053
52,3,0.641157591,36053
52,4,0.105839679,36053
52,5,0.144880762,36053
53,1,0,36053
53,2,0.108121968,36053
53,3,0.641157591,36053
53,4,0.105839679,36053
53,5,0.144880762,36053
53,1,0,36053
54,2,0.108121968,36053
54,3,0.641157591,36053
54,4,0.105839679,36053
54,5,0.144880762,36053
61,1,0,36053
61,2,0.395567367,36053
61,3,0.250074475,36053
61,4,0.320113096,36053
61,5,0.034245062,36053
62,1,0,36053
62,2,0.395567367,36053
62,3,0.250074475,36053
62,4,0.320113096,36053
62,5,0.034245062,36053
11,1,0,36055
11,2,0.020670571,36055
11,3,0.067244266,36055
11,4,0.250971561,36055
11,5,0.661113602,36055
21,1,0,36055
21,2,0.029970432,36055
21,3,0.037976922,36055
21,4,0.336728241,36055
21,5,0.595324404,36055
31,1,0,36055
31,2,0.029970432,36055
31,3,0.037976922,36055
31,4,0.336728241,36055
31,5,0.595324404,36055
32,1,0,36055
32,2,0.029970432,36055
32,3,0.037976922,36055
32,4,0.336728241,36055
32,5,0.595324404,36055
41,1,0,36055
41,2,0.039744872,36055
41,3,0.049255482,36055
41,4,0.28953721,36055
41,5,0.621462436,36055
42,1,0,36055
42,2,0.039744872,36055
42,3,0.049255482,36055
42,4,0.28953721,36055
42,5,0.621462436,36055
43,1,0,36055
43,2,0.039744872,36055
43,3,0.049255482,36055
43,4,0.28953721,36055
43,5,0.621462436,36055
51,1,0,36055
51,2,0.047973799,36055
51,3,0.0771527,36055
51,4,0.292461155,36055
51,5,0.582412346,36055
52,1,0,36055
52,2,0.047973799,36055
52,3,0.0771527,36055
52,4,0.292461155,36055
52,5,0.582412346,36055
53,1,0,36055
53,2,0.047973799,36055
53,3,0.0771527,36055
53,4,0.292461155,36055
53,5,0.582412346,36055
53,1,0,36055
54,2,0.047973799,36055
54,3,0.0771527,36055
54,4,0.292461155,36055
54,5,0.582412346,36055
61,1,0,36055
61,2,0.258196214,36055
61,3,0.088242052,36055
61,4,0.372369664,36055
61,5,0.281192071,36055
62,1,0,36055
62,2,0.258196214,36055
62,3,0.088242052,36055
62,4,0.372369664,36055
62,5,0.281192071,36055
11,1,0,36057
11,2,0.153994543,36057
11,3,0.553194025,36057
11,4,0.051596252,36057
11,5,0.241215181,36057
21,1,0,36057
21,2,0.33716325,36057
21,3,0.31825018,36057
21,4,0.081103761,36057
21,5,0.263482808,36057
31,1,0,36057
31,2,0.33716325,36057
31,3,0.31825018,36057
31,4,0.081103761,36057
31,5,0.263482808,36057
32,1,0,36057
32,2,0.33716325,36057
32,3,0.31825018,36057
32,4,0.081103761,36057
32,5,0.263482808,36057
41,1,0,36057
41,2,0.200779091,36057
41,3,0.438807307,36057
41,4,0.064213733,36057
41,5,0.296199868,36057
42,1,0,36057
42,2,0.200779091,36057
42,3,0.438807307,36057
42,4,0.064213733,36057
42,5,0.296199868,36057
43,1,0,36057
43,2,0.200779091,36057
43,3,0.438807307,36057
43,4,0.064213733,36057
43,5,0.296199868,36057
51,1,0,36057
51,2,0.302877246,36057
51,3,0.404920588,36057
51,4,0.073967476,36057
51,5,0.21823469,36057
52,1,0,36057
52,2,0.302877246,36057
52,3,0.404920588,36057
52,4,0.073967476,36057
52,5,0.21823469,36057
53,1,0,36057
53,2,0.302877246,36057
53,3,0.404920588,36057
53,4,0.073967476,36057
53,5,0.21823469,36057
53,1,0,36057
54,2,0.302877246,36057
54,3,0.404920588,36057
54,4,0.073967476,36057
54,5,0.21823469,36057
61,1,0,36057
61,2,0.718920747,36057
61,3,0.102466592,36057
61,4,0.145145501,36057
61,5,0.033467161,36057
62,1,0,36057
62,2,0.718920747,36057
62,3,0.102466592,36057
62,4,0.145145501,36057
62,5,0.033467161,36057
11,1,0,36059
11,2,0,36059
11,3,0,36059
11,4,0.276964251,36059
11,5,0.723035749,36059
21,1,0,36059
21,2,0,36059
21,3,0,36059
21,4,0.408454836,36059
21,5,0.591545164,36059
31,1,0,36059
31,2,0,36059
31,3,0,36059
31,4,0.408454836,36059
31,5,0.591545164,36059
32,1,0,36059
32,2,0,36059
32,3,0,36059
32,4,0.408454836,36059
32,5,0.591545164,36059
41,1,0,36059
41,2,0,36059
41,3,0,36059
41,4,0.347963897,36059
41,5,0.652036103,36059
42,1,0,36059
42,2,0,36059
42,3,0,36059
42,4,0.347963897,36059
42,5,0.652036103,36059
43,1,0,36059
43,2,0,36059
43,3,0,36059
43,4,0.347963897,36059
43,5,0.652036103,36059
51,1,0,36059
51,2,0,36059
51,3,0,36059
51,4,0.399410346,36059
51,5,0.600589654,36059
52,1,0,36059
52,2,0,36059
52,3,0,36059
52,4,0.399410346,36059
52,5,0.600589654,36059
53,1,0,36059
53,2,0,36059
53,3,0,36059
53,4,0.399410346,36059
53,5,0.600589654,36059
53,1,0,36059
54,2,0,36059
54,3,0,36059
54,4,0.399410346,36059
54,5,0.600589654,36059
61,1,0,36059
61,2,0,36059
61,3,0,36059
61,4,0.667075639,36059
61,5,0.332924361,36059
62,1,0,36059
62,2,0,36059
62,3,0,36059
62,4,0.667075639,36059
62,5,0.332924361,36059
11,1,0,36061
11,2,0,36061
11,3,0,36061
11,4,0.132170392,36061
11,5,0.867829608,36061
21,1,0,36061
21,2,0,36061
21,3,0,36061
21,4,0.474988741,36061
21,5,0.525011259,36061
31,1,0,36061
31,2,0,36061
31,3,0,36061
31,4,0.474988741,36061
31,5,0.525011259,36061
32,1,0,36061
32,2,0,36061
32,3,0,36061
32,4,0.474988741,36061
32,5,0.525011259,36061
41,1,0,36061
41,2,0,36061
41,3,0,36061
41,4,0.292860907,36061
41,5,0.707139093,36061
42,1,0,36061
42,2,0,36061
42,3,0,36061
42,4,0.292860907,36061
42,5,0.707139093,36061
43,1,0,36061
43,2,0,36061
43,3,0,36061
43,4,0.292860907,36061
43,5,0.707139093,36061
51,1,0,36061
51,2,0,36061
51,3,0,36061
51,4,0.392511218,36061
51,5,0.607488782,36061
52,1,0,36061
52,2,0,36061
52,3,0,36061
52,4,0.392511218,36061
52,5,0.607488782,36061
53,1,0,36061
53,2,0,36061
53,3,0,36061
53,4,0.392511218,36061
53,5,0.607488782,36061
53,1,0,36061
54,2,0,36061
54,3,0,36061
54,4,0.392511218,36061
54,5,0.607488782,36061
61,1,0,36061
61,2,0,36061
61,3,0,36061
61,4,0.695922712,36061
61,5,0.304077288,36061
62,1,0,36061
62,2,0,36061
62,3,0,36061
62,4,0.695922712,36061
62,5,0.304077288,36061
11,1,0,36063
11,2,0,36063
11,3,0.266459041,36063
11,4,0.024570495,36063
11,5,0.708970464,36063
21,1,0,36063
21,2,0,36063
21,3,0.1606439,36063
21,4,0.102238115,36063
21,5,0.737117985,36063
31,1,0,36063
31,2,0,36063
31,3,0.1606439,36063
31,4,0.102238115,36063
31,5,0.737117985,36063
32,1,0,36063
32,2,0,36063
32,3,0.1606439,36063
32,4,0.102238115,36063
32,5,0.737117985,36063
41,1,0,36063
41,2,0,36063
41,3,0.226263814,36063
41,4,0.084552077,36063
41,5,0.689184109,36063
42,1,0,36063
42,2,0,36063
42,3,0.226263814,36063
42,4,0.084552077,36063
42,5,0.689184109,36063
43,1,0,36063
43,2,0,36063
43,3,0.226263814,36063
43,4,0.084552077,36063
43,5,0.689184109,36063
51,1,0,36063
51,2,0,36063
51,3,0.290893247,36063
51,4,0.086143252,36063
51,5,0.622963502,36063
52,1,0,36063
52,2,0,36063
52,3,0.290893247,36063
52,4,0.086143252,36063
52,5,0.622963502,36063
53,1,0,36063
53,2,0,36063
53,3,0.290893247,36063
53,4,0.086143252,36063
53,5,0.622963502,36063
53,1,0,36063
54,2,0,36063
54,3,0.290893247,36063
54,4,0.086143252,36063
54,5,0.622963502,36063
61,1,0,36063
61,2,0,36063
61,3,0.312051713,36063
61,4,0.325034617,36063
61,5,0.36291367,36063
62,1,0,36063
62,2,0,36063
62,3,0.312051713,36063
62,4,0.325034617,36063
62,5,0.36291367,36063
11,1,0,36065
11,2,0.027681462,36065
11,3,0.486043748,36065
11,4,0.09877032,36065
11,5,0.38750447,36065
21,1,0,36065
21,2,0.065966321,36065
21,3,0.304344101,36065
21,4,0.168984803,36065
21,5,0.460704774,36065
31,1,0,36065
31,2,0.065966321,36065
31,3,0.304344101,36065
31,4,0.168984803,36065
31,5,0.460704774,36065
32,1,0,36065
32,2,0.065966321,36065
32,3,0.304344101,36065
32,4,0.168984803,36065
32,5,0.460704774,36065
41,1,0,36065
41,2,0.035369978,36065
41,3,0.377836885,36065
41,4,0.120467209,36065
41,5,0.466325928,36065
42,1,0,36065
42,2,0.035369978,36065
42,3,0.377836885,36065
42,4,0.120467209,36065
42,5,0.466325928,36065
43,1,0,36065
43,2,0.035369978,36065
43,3,0.377836885,36065
43,4,0.120467209,36065
43,5,0.466325928,36065
51,1,0,36065
51,2,0.060332812,36065
51,3,0.39424934,36065
51,4,0.156910621,36065
51,5,0.388507227,36065
52,1,0,36065
52,2,0.060332812,36065
52,3,0.39424934,36065
52,4,0.156910621,36065
52,5,0.388507227,36065
53,1,0,36065
53,2,0.060332812,36065
53,3,0.39424934,36065
53,4,0.156910621,36065
53,5,0.388507227,36065
53,1,0,36065
54,2,0.060332812,36065
54,3,0.39424934,36065
54,4,0.156910621,36065
54,5,0.388507227,36065
61,1,0,36065
61,2,0.234591665,36065
61,3,0.163428594,36065
61,4,0.50438221,36065
61,5,0.09759753,36065
62,1,0,36065
62,2,0.234591665,36065
62,3,0.163428594,36065
62,4,0.50438221,36065
62,5,0.09759753,36065
11,1,0,36067
11,2,0.064502345,36067
11,3,0.159737503,36067
11,4,0.280720415,36067
11,5,0.495039737,36067
21,1,0,36067
21,2,0.070373946,36067
21,3,0.114505958,36067
21,4,0.335643253,36067
21,5,0.479476842,36067
31,1,0,36067
31,2,0.070373946,36067
31,3,0.114505958,36067
31,4,0.335643253,36067
31,5,0.479476842,36067
32,1,0,36067
32,2,0.070373946,36067
32,3,0.114505958,36067
32,4,0.335643253,36067
32,5,0.479476842,36067
41,1,0,36067
41,2,0.044230285,36067
41,3,0.152957176,36067
41,4,0.205556584,36067
41,5,0.597255955,36067
42,1,0,36067
42,2,0.044230285,36067
42,3,0.152957176,36067
42,4,0.205556584,36067
42,5,0.597255955,36067
43,1,0,36067
43,2,0.044230285,36067
43,3,0.152957176,36067
43,4,0.205556584,36067
43,5,0.597255955,36067
51,1,0,36067
51,2,0.088801677,36067
51,3,0.176875485,36067
51,4,0.312429009,36067
51,5,0.421893829,36067
52,1,0,36067
52,2,0.088801677,36067
52,3,0.176875485,36067
52,4,0.312429009,36067
52,5,0.421893829,36067
53,1,0,36067
53,2,0.088801677,36067
53,3,0.176875485,36067
53,4,0.312429009,36067
53,5,0.421893829,36067
53,1,0,36067
54,2,0.088801677,36067
54,3,0.176875485,36067
54,4,0.312429009,36067
54,5,0.421893829,36067
61,1,0,36067
61,2,0.335920312,36067
61,3,0.092656402,36067
61,4,0.470689264,36067
61,5,0.100734022,36067
62,1,0,36067
62,2,0.335920312,36067
62,3,0.092656402,36067
62,4,0.470689264,36067
62,5,0.100734022,36067
11,1,0,36069
11,2,0.066886375,36069
11,3,0.510228374,36069
11,4,0.10916425,36069
11,5,0.313721001,36069
21,1,0,36069
21,2,0.119123824,36069
21,3,0.35395622,36069
21,4,0.179910249,36069
21,5,0.347009707,36069
31,1,0,36069
31,2,0.119123824,36069
31,3,0.35395622,36069
31,4,0.179910249,36069
31,5,0.347009707,36069
32,1,0,36069
32,2,0.119123824,36069
32,3,0.35395622,36069
32,4,0.179910249,36069
32,5,0.347009707,36069
41,1,0,36069
41,2,0.139308202,36069
41,3,0.40483153,36069
41,4,0.136417698,36069
41,5,0.319442569,36069
42,1,0,36069
42,2,0.139308202,36069
42,3,0.40483153,36069
42,4,0.136417698,36069
42,5,0.319442569,36069
43,1,0,36069
43,2,0.139308202,36069
43,3,0.40483153,36069
43,4,0.136417698,36069
43,5,0.319442569,36069
51,1,0,36069
51,2,0.135667458,36069
51,3,0.511619236,36069
51,4,0.111175863,36069
51,5,0.241537443,36069
52,1,0,36069
52,2,0.135667458,36069
52,3,0.511619236,36069
52,4,0.111175863,36069
52,5,0.241537443,36069
53,1,0,36069
53,2,0.135667458,36069
53,3,0.511619236,36069
53,4,0.111175863,36069
53,5,0.241537443,36069
53,1,0,36069
54,2,0.135667458,36069
54,3,0.511619236,36069
54,4,0.111175863,36069
54,5,0.241537443,36069
61,1,0,36069
61,2,0.464042423,36069
61,3,0.371884074,36069
61,4,0.089960705,36069
61,5,0.074112797,36069
62,1,0,36069
62,2,0.464042423,36069
62,3,0.371884074,36069
62,4,0.089960705,36069
62,5,0.074112797,36069
11,1,0,36071
11,2,0.045097836,36071
11,3,0.133851153,36071
11,4,0.210001439,36071
11,5,0.611049572,36071
21,1,0,36071
21,2,0.088772963,36071
21,3,0.075125142,36071
21,4,0.31955857,36071
21,5,0.516543325,36071
31,1,0,36071
31,2,0.088772963,36071
31,3,0.075125142,36071
31,4,0.31955857,36071
31,5,0.516543325,36071
32,1,0,36071
32,2,0.088772963,36071
32,3,0.075125142,36071
32,4,0.31955857,36071
32,5,0.516543325,36071
41,1,0,36071
41,2,0.06471084,36071
41,3,0.091944999,36071
41,4,0.254247909,36071
41,5,0.589096252,36071
42,1,0,36071
42,2,0.06471084,36071
42,3,0.091944999,36071
42,4,0.254247909,36071
42,5,0.589096252,36071
43,1,0,36071
43,2,0.06471084,36071
43,3,0.091944999,36071
43,4,0.254247909,36071
43,5,0.589096252,36071
51,1,0,36071
51,2,0.085332665,36071
51,3,0.092913664,36071
51,4,0.376337282,36071
51,5,0.44541639,36071
52,1,0,36071
52,2,0.085332665,36071
52,3,0.092913664,36071
52,4,0.376337282,36071
52,5,0.44541639,36071
53,1,0,36071
53,2,0.085332665,36071
53,3,0.092913664,36071
53,4,0.376337282,36071
53,5,0.44541639,36071
53,1,0,36071
54,2,0.085332665,36071
54,3,0.092913664,36071
54,4,0.376337282,36071
54,5,0.44541639,36071
61,1,0,36071
61,2,0.250644307,36071
61,3,0.024394176,36071
61,4,0.653106706,36071
61,5,0.071854811,36071
62,1,0,36071
62,2,0.250644307,36071
62,3,0.024394176,36071
62,4,0.653106706,36071
62,5,0.071854811,36071
11,1,0,36073
11,2,0,36073
11,3,0.874582257,36073
11,4,0,36073
11,5,0.125417743,36073
21,1,0,36073
21,2,0,36073
21,3,0.813901366,36073
21,4,0,36073
21,5,0.186098634,36073
31,1,0,36073
31,2,0,36073
31,3,0.813901366,36073
31,4,0,36073
31,5,0.186098634,36073
32,1,0,36073
32,2,0,36073
32,3,0.813901366,36073
32,4,0,36073
32,5,0.186098634,36073
41,1,0,36073
41,2,0,36073
41,3,0.844570424,36073
41,4,0,36073
41,5,0.155429576,36073
42,1,0,36073
42,2,0,36073
42,3,0.844570424,36073
42,4,0,36073
42,5,0.155429576,36073
43,1,0,36073
43,2,0,36073
43,3,0.844570424,36073
43,4,0,36073
43,5,0.155429576,36073
51,1,0,36073
51,2,0,36073
51,3,0.900813654,36073
51,4,0,36073
51,5,0.099186346,36073
52,1,0,36073
52,2,0,36073
52,3,0.900813654,36073
52,4,0,36073
52,5,0.099186346,36073
53,1,0,36073
53,2,0,36073
53,3,0.900813654,36073
53,4,0,36073
53,5,0.099186346,36073
53,1,0,36073
54,2,0,36073
54,3,0.900813654,36073
54,4,0,36073
54,5,0.099186346,36073
61,1,0,36073
61,2,0,36073
61,3,0.955584549,36073
61,4,0,36073
61,5,0.044415451,36073
62,1,0,36073
62,2,0,36073
62,3,0.955584549,36073
62,4,0,36073
62,5,0.044415451,36073
11,1,0,36075
11,2,0.140067181,36075
11,3,0.603718916,36075
11,4,0.0475972,36075
11,5,0.208616704,36075
21,1,0,36075
21,2,0.180944473,36075
21,3,0.512422879,36075
21,4,0.067384167,36075
21,5,0.239248481,36075
31,1,0,36075
31,2,0.180944473,36075
31,3,0.512422879,36075
31,4,0.067384167,36075
31,5,0.239248481,36075
32,1,0,36075
32,2,0.180944473,36075
32,3,0.512422879,36075
32,4,0.067384167,36075
32,5,0.239248481,36075
41,1,0,36075
41,2,0.099976962,36075
41,3,0.601751329,36075
41,4,0.036279234,36075
41,5,0.261992475,36075
42,1,0,36075
42,2,0.099976962,36075
42,3,0.601751329,36075
42,4,0.036279234,36075
42,5,0.261992475,36075
43,1,0,36075
43,2,0.099976962,36075
43,3,0.601751329,36075
43,4,0.036279234,36075
43,5,0.261992475,36075
51,1,0,36075
51,2,0.176572764,36075
51,3,0.612120887,36075
51,4,0.048506554,36075
51,5,0.162799795,36075
52,1,0,36075
52,2,0.176572764,36075
52,3,0.612120887,36075
52,4,0.048506554,36075
52,5,0.162799795,36075
53,1,0,36075
53,2,0.176572764,36075
53,3,0.612120887,36075
53,4,0.048506554,36075
53,5,0.162799795,36075
53,1,0,36075
54,2,0.176572764,36075
54,3,0.612120887,36075
54,4,0.048506554,36075
54,5,0.162799795,36075
61,1,0,36075
61,2,0.60691619,36075
61,3,0.291363335,36075
61,4,0.066400794,36075
61,5,0.035319681,36075
62,1,0,36075
62,2,0.60691619,36075
62,3,0.291363335,36075
62,4,0.066400794,36075
62,5,0.035319681,36075
11,1,0,36077
11,2,0.119590026,36077
11,3,0.698383607,36077
11,4,0.019741846,36077
11,5,0.162284521,36077
21,1,0,36077
21,2,0.149234128,36077
21,3,0.581526936,36077
21,4,0.086771795,36077
21,5,0.182467141,36077
31,1,0,36077
31,2,0.149234128,36077
31,3,0.581526936,36077
31,4,0.086771795,36077
31,5,0.182467141,36077
32,1,0,36077
32,2,0.149234128,36077
32,3,0.581526936,36077
32,4,0.086771795,36077
32,5,0.182467141,36077
41,1,0,36077
41,2,0.112471658,36077
41,3,0.683622378,36077
41,4,0.045256453,36077
41,5,0.15864951,36077
42,1,0,36077
42,2,0.112471658,36077
42,3,0.683622378,36077
42,4,0.045256453,36077
42,5,0.15864951,36077
43,1,0,36077
43,2,0.112471658,36077
43,3,0.683622378,36077
43,4,0.045256453,36077
43,5,0.15864951,36077
51,1,0,36077
51,2,0.139452694,36077
51,3,0.659573591,36077
51,4,0.072493566,36077
51,5,0.128480149,36077
52,1,0,36077
52,2,0.139452694,36077
52,3,0.659573591,36077
52,4,0.072493566,36077
52,5,0.128480149,36077
53,1,0,36077
53,2,0.139452694,36077
53,3,0.659573591,36077
53,4,0.072493566,36077
53,5,0.128480149,36077
53,1,0,36077
54,2,0.139452694,36077
54,3,0.659573591,36077
54,4,0.072493566,36077
54,5,0.128480149,36077
61,1,0,36077
61,2,0.449817474,36077
61,3,0.259735399,36077
61,4,0.263441137,36077
61,5,0.027005991,36077
62,1,0,36077
62,2,0.449817474,36077
62,3,0.259735399,36077
62,4,0.263441137,36077
62,5,0.027005991,36077
11,1,0,36079
11,2,0.035947912,36079
11,3,0.213205356,36079
11,4,0.217937275,36079
11,5,0.532909458,36079
21,1,0,36079
21,2,0.072759139,36079
21,3,0.123041089,36079
21,4,0.340995447,36079
21,5,0.463204324,36079
31,1,0,36079
31,2,0.072759139,36079
31,3,0.123041089,36079
31,4,0.340995447,36079
31,5,0.463204324,36079
32,1,0,36079
32,2,0.072759139,36079
32,3,0.123041089,36079
32,4,0.340995447,36079
32,5,0.463204324,36079
41,1,0,36079
41,2,0.052868665,36079
41,3,0.150109244,36079
41,4,0.270439403,36079
41,5,0.526582688,36079
42,1,0,36079
42,2,0.052868665,36079
42,3,0.150109244,36079
42,4,0.270439403,36079
42,5,0.526582688,36079
43,1,0,36079
43,2,0.052868665,36079
43,3,0.150109244,36079
43,4,0.270439403,36079
43,5,0.526582688,36079
51,1,0,36079
51,2,0.068358984,36079
51,3,0.148736618,36079
51,4,0.39250827,36079
51,5,0.390396127,36079
52,1,0,36079
52,2,0.068358984,36079
52,3,0.148736618,36079
52,4,0.39250827,36079
52,5,0.390396127,36079
53,1,0,36079
53,2,0.068358984,36079
53,3,0.148736618,36079
53,4,0.39250827,36079
53,5,0.390396127,36079
53,1,0,36079
54,2,0.068358984,36079
54,3,0.148736618,36079
54,4,0.39250827,36079
54,5,0.390396127,36079
61,1,0,36079
61,2,0.204055575,36079
61,3,0.039685769,36079
61,4,0.692254897,36079
61,5,0.064003759,36079
62,1,0,36079
62,2,0.204055575,36079
62,3,0.039685769,36079
62,4,0.692254897,36079
62,5,0.064003759,36079
11,1,0,36081
11,2,0,36081
11,3,0,36081
11,4,0.170119433,36081
11,5,0.829880567,36081
21,1,0,36081
21,2,0,36081
21,3,0,36081
21,4,0.5490898,36081
21,5,0.4509102,36081
31,1,0,36081
31,2,0,36081
31,3,0,36081
31,4,0.5490898,36081
31,5,0.4509102,36081
32,1,0,36081
32,2,0,36081
32,3,0,36081
32,4,0.5490898,36081
32,5,0.4509102,36081
41,1,0,36081
41,2,0,36081
41,3,0,36081
41,4,0.357919127,36081
41,5,0.642080873,36081
42,1,0,36081
42,2,0,36081
42,3,0,36081
42,4,0.357919127,36081
42,5,0.642080873,36081
43,1,0,36081
43,2,0,36081
43,3,0,36081
43,4,0.357919127,36081
43,5,0.642080873,36081
51,1,0,36081
51,2,0,36081
51,3,0,36081
51,4,0.465145075,36081
51,5,0.534854925,36081
52,1,0,36081
52,2,0,36081
52,3,0,36081
52,4,0.465145075,36081
52,5,0.534854925,36081
53,1,0,36081
53,2,0,36081
53,3,0,36081
53,4,0.465145075,36081
53,5,0.534854925,36081
53,1,0,36081
54,2,0,36081
54,3,0,36081
54,4,0.465145075,36081
54,5,0.534854925,36081
61,1,0,36081
61,2,0,36081
61,3,0,36081
61,4,0.754929621,36081
61,5,0.245070379,36081
62,1,0,36081
62,2,0,36081
62,3,0,36081
62,4,0.754929621,36081
62,5,0.245070379,36081
11,1,0,36083
11,2,0.009556757,36083
11,3,0.56725952,36083
11,4,0.052170672,36083
11,5,0.371013051,36083
21,1,0,36083
21,2,0.041762017,36083
21,3,0.304168902,36083
21,4,0.147970617,36083
21,5,0.506098464,36083
31,1,0,36083
31,2,0.041762017,36083
31,3,0.304168902,36083
31,4,0.147970617,36083
31,5,0.506098464,36083
32,1,0,36083
32,2,0.041762017,36083
32,3,0.304168902,36083
32,4,0.147970617,36083
32,5,0.506098464,36083
41,1,0,36083
41,2,0.032891119,36083
41,3,0.339741078,36083
41,4,0.118127475,36083
41,5,0.509240328,36083
42,1,0,36083
42,2,0.032891119,36083
42,3,0.339741078,36083
42,4,0.118127475,36083
42,5,0.509240328,36083
43,1,0,36083
43,2,0.032891119,36083
43,3,0.339741078,36083
43,4,0.118127475,36083
43,5,0.509240328,36083
51,1,0,36083
51,2,0.043400118,36083
51,3,0.440843103,36083
51,4,0.108829156,36083
51,5,0.406927624,36083
52,1,0,36083
52,2,0.043400118,36083
52,3,0.440843103,36083
52,4,0.108829156,36083
52,5,0.406927624,36083
53,1,0,36083
53,2,0.043400118,36083
53,3,0.440843103,36083
53,4,0.108829156,36083
53,5,0.406927624,36083
53,1,0,36083
54,2,0.043400118,36083
54,3,0.440843103,36083
54,4,0.108829156,36083
54,5,0.406927624,36083
61,1,0,36083
61,2,0.248831336,36083
61,3,0.238251677,36083
61,4,0.35574332,36083
61,5,0.157173667,36083
62,1,0,36083
62,2,0.248831336,36083
62,3,0.238251677,36083
62,4,0.35574332,36083
62,5,0.157173667,36083
11,1,0,36085
11,2,0,36085
11,3,0,36085
11,4,0.128245724,36085
11,5,0.871754276,36085
21,1,0,36085
21,2,0,36085
21,3,0,36085
21,4,0.466354771,36085
21,5,0.533645229,36085
31,1,0,36085
31,2,0,36085
31,3,0,36085
31,4,0.466354771,36085
31,5,0.533645229,36085
32,1,0,36085
32,2,0,36085
32,3,0,36085
32,4,0.466354771,36085
32,5,0.533645229,36085
41,1,0,36085
41,2,0,36085
41,3,0,36085
41,4,0.285735742,36085
41,5,0.714264258,36085
42,1,0,36085
42,2,0,36085
42,3,0,36085
42,4,0.285735742,36085
42,5,0.714264258,36085
43,1,0,36085
43,2,0,36085
43,3,0,36085
43,4,0.285735742,36085
43,5,0.714264258,36085
51,1,0,36085
51,2,0,36085
51,3,0,36085
51,4,0.384279119,36085
51,5,0.615720881,36085
52,1,0,36085
52,2,0,36085
52,3,0,36085
52,4,0.384279119,36085
52,5,0.615720881,36085
53,1,0,36085
53,2,0,36085
53,3,0,36085
53,4,0.384279119,36085
53,5,0.615720881,36085
53,1,0,36085
54,2,0,36085
54,3,0,36085
54,4,0.384279119,36085
54,5,0.615720881,36085
61,1,0,36085
61,2,0,36085
61,3,0,36085
61,4,0.688539617,36085
61,5,0.311460383,36085
62,1,0,36085
62,2,0,36085
62,3,0,36085
62,4,0.688539617,36085
62,5,0.311460383,36085
11,1,0,36087
11,2,0,36087
11,3,0,36087
11,4,0.343838754,36087
11,5,0.656161246,36087
21,1,0,36087
21,2,0,36087
21,3,0,36087
21,4,0.485406986,36087
21,5,0.514593014,36087
31,1,0,36087
31,2,0,36087
31,3,0,36087
31,4,0.485406986,36087
31,5,0.514593014,36087
32,1,0,36087
32,2,0,36087
32,3,0,36087
32,4,0.485406986,36087
32,5,0.514593014,36087
41,1,0,36087
41,2,0,36087
41,3,0,36087
41,4,0.396887754,36087
41,5,0.603112246,36087
42,1,0,36087
42,2,0,36087
42,3,0,36087
42,4,0.396887754,36087
42,5,0.603112246,36087
43,1,0,36087
43,2,0,36087
43,3,0,36087
43,4,0.396887754,36087
43,5,0.603112246,36087
51,1,0,36087
51,2,0,36087
51,3,0,36087
51,4,0.562990094,36087
51,5,0.437009906,36087
52,1,0,36087
52,2,0,36087
52,3,0,36087
52,4,0.562990094,36087
52,5,0.437009906,36087
53,1,0,36087
53,2,0,36087
53,3,0,36087
53,4,0.562990094,36087
53,5,0.437009906,36087
53,1,0,36087
54,2,0,36087
54,3,0,36087
54,4,0.562990094,36087
54,5,0.437009906,36087
61,1,0,36087
61,2,0,36087
61,3,0,36087
61,4,0.932699971,36087
61,5,0.067300029,36087
62,1,0,36087
62,2,0,36087
62,3,0,36087
62,4,0.932699971,36087
62,5,0.067300029,36087
11,1,0,36089
11,2,0,36089
11,3,0.862062547,36089
11,4,0,36089
11,5,0.137937453,36089
21,1,0,36089
21,2,0,36089
21,3,0.815279152,36089
21,4,0,36089
21,5,0.184720848,36089
31,1,0,36089
31,2,0,36089
31,3,0.815279152,36089
31,4,0,36089
31,5,0.184720848,36089
32,1,0,36089
32,2,0,36089
32,3,0.815279152,36089
32,4,0,36089
32,5,0.184720848,36089
41,1,0,36089
41,2,0,36089
41,3,0.865405901,36089
41,4,0,36089
41,5,0.134594099,36089
42,1,0,36089
42,2,0,36089
42,3,0.865405901,36089
42,4,0,36089
42,5,0.134594099,36089
43,1,0,36089
43,2,0,36089
43,3,0.865405901,36089
43,4,0,36089
43,5,0.134594099,36089
51,1,0,36089
51,2,0,36089
51,3,0.842912329,36089
51,4,0,36089
51,5,0.157087671,36089
52,1,0,36089
52,2,0,36089
52,3,0.842912329,36089
52,4,0,36089
52,5,0.157087671,36089
53,1,0,36089
53,2,0,36089
53,3,0.842912329,36089
53,4,0,36089
53,5,0.157087671,36089
53,1,0,36089
54,2,0,36089
54,3,0.842912329,36089
54,4,0,36089
54,5,0.157087671,36089
61,1,0,36089
61,2,0,36089
61,3,0.933539461,36089
61,4,0,36089
61,5,0.066460539,36089
62,1,0,36089
62,2,0,36089
62,3,0.933539461,36089
62,4,0,36089
62,5,0.066460539,36089
11,1,0,36091
11,2,0,36091
11,3,0.420566179,36091
11,4,0.13374525,36091
11,5,0.445688571,36091
21,1,0,36091
21,2,0,36091
21,3,0.185940296,36091
21,4,0.312776116,36091
21,5,0.501283588,36091
31,1,0,36091
31,2,0,36091
31,3,0.185940296,36091
31,4,0.312776116,36091
31,5,0.501283588,36091
32,1,0,36091
32,2,0,36091
32,3,0.185940296,36091
32,4,0.312776116,36091
32,5,0.501283588,36091
41,1,0,36091
41,2,0,36091
41,3,0.215939899,36091
41,4,0.259618204,36091
41,5,0.524441898,36091
42,1,0,36091
42,2,0,36091
42,3,0.215939899,36091
42,4,0.259618204,36091
42,5,0.524441898,36091
43,1,0,36091
43,2,0,36091
43,3,0.215939899,36091
43,4,0.259618204,36091
43,5,0.524441898,36091
51,1,0,36091
51,2,0,36091
51,3,0.298575401,36091
51,4,0.254867595,36091
51,5,0.446557003,36091
52,1,0,36091
52,2,0,36091
52,3,0.298575401,36091
52,4,0.254867595,36091
52,5,0.446557003,36091
53,1,0,36091
53,2,0,36091
53,3,0.298575401,36091
53,4,0.254867595,36091
53,5,0.446557003,36091
53,1,0,36091
54,2,0,36091
54,3,0.298575401,36091
54,4,0.254867595,36091
54,5,0.446557003,36091
61,1,0,36091
61,2,0,36091
61,3,0.138276856,36091
61,4,0.713920203,36091
61,5,0.14780294,36091
62,1,0,36091
62,2,0,36091
62,3,0.138276856,36091
62,4,0.713920203,36091
62,5,0.14780294,36091
11,1,0,36093
11,2,0.020972892,36093
11,3,0.234620019,36093
11,4,0.126125971,36093
11,5,0.618281118,36093
21,1,0,36093
21,2,0.064606403,36093
21,3,0.088683826,36093
21,4,0.252173775,36093
21,5,0.594535997,36093
31,1,0,36093
31,2,0.064606403,36093
31,3,0.088683826,36093
31,4,0.252173775,36093
31,5,0.594535997,36093
32,1,0,36093
32,2,0.064606403,36093
32,3,0.088683826,36093
32,4,0.252173775,36093
32,5,0.594535997,36093
41,1,0,36093
41,2,0.053590401,36093
41,3,0.104325851,36093
41,4,0.212026243,36093
41,5,0.630057505,36093
42,1,0,36093
42,2,0.053590401,36093
42,3,0.104325851,36093
42,4,0.212026243,36093
42,5,0.630057505,36093
43,1,0,36093
43,2,0.053590401,36093
43,3,0.104325851,36093
43,4,0.212026243,36093
43,5,0.630057505,36093
51,1,0,36093
51,2,0.078145187,36093
51,3,0.149599758,36093
51,4,0.215867332,36093
51,5,0.556387723,36093
52,1,0,36093
52,2,0.078145187,36093
52,3,0.149599758,36093
52,4,0.215867332,36093
52,5,0.556387723,36093
53,1,0,36093
53,2,0.078145187,36093
53,3,0.149599758,36093
53,4,0.215867332,36093
53,5,0.556387723,36093
53,1,0,36093
54,2,0.078145187,36093
54,3,0.149599758,36093
54,4,0.215867332,36093
54,5,0.556387723,36093
61,1,0,36093
61,2,0.309115575,36093
61,3,0.055781129,36093
61,4,0.486836249,36093
61,5,0.148267048,36093
62,1,0,36093
62,2,0.309115575,36093
62,3,0.055781129,36093
62,4,0.486836249,36093
62,5,0.148267048,36093
11,1,0,36095
11,2,0.077991207,36095
11,3,0.750665364,36095
11,4,0.027408338,36095
11,5,0.143935091,36095
21,1,0,36095
21,2,0.096869566,36095
21,3,0.622143689,36095
21,4,0.119906316,36095
21,5,0.161080429,36095
31,1,0,36095
31,2,0.096869566,36095
31,3,0.622143689,36095
31,4,0.119906316,36095
31,5,0.161080429,36095
32,1,0,36095
32,2,0.096869566,36095
32,3,0.622143689,36095
32,4,0.119906316,36095
32,5,0.161080429,36095
41,1,0,36095
41,2,0.072501364,36095
41,3,0.726308311,36095
41,4,0.062105187,36095
41,5,0.139085138,36095
42,1,0,36095
42,2,0.072501364,36095
42,3,0.726308311,36095
42,4,0.062105187,36095
42,5,0.139085138,36095
43,1,0,36095
43,2,0.072501364,36095
43,3,0.726308311,36095
43,4,0.062105187,36095
43,5,0.139085138,36095
51,1,0,36095
51,2,0.08964549,36095
51,3,0.698821821,36095
51,4,0.099207676,36095
51,5,0.112325013,36095
52,1,0,36095
52,2,0.08964549,36095
52,3,0.698821821,36095
52,4,0.099207676,36095
52,5,0.112325013,36095
53,1,0,36095
53,2,0.08964549,36095
53,3,0.698821821,36095
53,4,0.099207676,36095
53,5,0.112325013,36095
53,1,0,36095
54,2,0.08964549,36095
54,3,0.698821821,36095
54,4,0.099207676,36095
54,5,0.112325013,36095
61,1,0,36095
61,2,0.304866124,36095
61,3,0.290138694,36095
61,4,0.38010249,36095
61,5,0.024892692,36095
62,1,0,36095
62,2,0.304866124,36095
62,3,0.290138694,36095
62,4,0.38010249,36095
62,5,0.024892692,36095
11,1,0,36097
11,2,0,36097
11,3,1,36097
11,4,0,36097
11,5,0,36097
21,1,0,36097
21,2,0,36097
21,3,1,36097
21,4,0,36097
21,5,0,36097
31,1,0,36097
31,2,0,36097
31,3,1,36097
31,4,0,36097
31,5,0,36097
32,1,0,36097
32,2,0,36097
32,3,1,36097
32,4,0,36097
32,5,0,36097
41,1,0,36097
41,2,0,36097
41,3,1,36097
41,4,0,36097
41,5,0,36097
42,1,0,36097
42,2,0,36097
42,3,1,36097
42,4,0,36097
42,5,0,36097
43,1,0,36097
43,2,0,36097
43,3,1,36097
43,4,0,36097
43,5,0,36097
51,1,0,36097
51,2,0,36097
51,3,1,36097
51,4,0,36097
51,5,0,36097
52,1,0,36097
52,2,0,36097
52,3,1,36097
52,4,0,36097
52,5,0,36097
53,1,0,36097
53,2,0,36097
53,3,1,36097
53,4,0,36097
53,5,0,36097
53,1,0,36097
54,2,0,36097
54,3,1,36097
54,4,0,36097
54,5,0,36097
61,1,0,36097
61,2,0,36097
61,3,1,36097
61,4,0,36097
61,5,0,36097
62,1,0,36097
62,2,0,36097
62,3,1,36097
62,4,0,36097
62,5,0,36097
11,1,0,36099
11,2,0.252758469,36099
11,3,0.57913111,36099
11,4,0,36099
11,5,0.168110421,36099
21,1,0,36099
21,2,0.323012028,36099
21,3,0.486266853,36099
21,4,0,36099
21,5,0.190721119,36099
31,1,0,36099
31,2,0.323012028,36099
31,3,0.486266853,36099
31,4,0,36099
31,5,0.190721119,36099
32,1,0,36099
32,2,0.323012028,36099
32,3,0.486266853,36099
32,4,0,36099
32,5,0.190721119,36099
41,1,0,36099
41,2,0.186227684,36099
41,3,0.595846163,36099
41,4,0,36099
41,5,0.217926152,36099
42,1,0,36099
42,2,0.186227684,36099
42,3,0.595846163,36099
42,4,0,36099
42,5,0.217926152,36099
43,1,0,36099
43,2,0.186227684,36099
43,3,0.595846163,36099
43,4,0,36099
43,5,0.217926152,36099
51,1,0,36099
51,2,0.30726135,36099
51,3,0.566231726,36099
51,4,0,36099
51,5,0.126506925,36099
52,1,0,36099
52,2,0.30726135,36099
52,3,0.566231726,36099
52,4,0,36099
52,5,0.126506925,36099
53,1,0,36099
53,2,0.30726135,36099
53,3,0.566231726,36099
53,4,0,36099
53,5,0.126506925,36099
53,1,0,36099
54,2,0.30726135,36099
54,3,0.566231726,36099
54,4,0,36099
54,5,0.126506925,36099
61,1,0,36099
61,2,0.780526501,36099
61,3,0.199189578,36099
61,4,0,36099
61,5,0.020283922,36099
62,1,0,36099
62,2,0.780526501,36099
62,3,0.199189578,36099
62,4,0,36099
62,5,0.020283922,36099
11,1,0,36101
11,2,0.065660736,36101
11,3,0.661127922,36101
11,4,0.065417831,36101
11,5,0.207793512,36101
21,1,0,36101
21,2,0.279533169,36101
21,3,0.394294994,36101
21,4,0.15687182,36101
21,5,0.169300017,36101
31,1,0,36101
31,2,0.279533169,36101
31,3,0.394294994,36101
31,4,0.15687182,36101
31,5,0.169300017,36101
32,1,0,36101
32,2,0.279533169,36101
32,3,0.394294994,36101
32,4,0.15687182,36101
32,5,0.169300017,36101
41,1,0,36101
41,2,0.291667753,36101
41,3,0.436966901,36101
41,4,0.141082948,36101
41,5,0.130282399,36101
42,1,0,36101
42,2,0.291667753,36101
42,3,0.436966901,36101
42,4,0.141082948,36101
42,5,0.130282399,36101
43,1,0,36101
43,2,0.291667753,36101
43,3,0.436966901,36101
43,4,0.141082948,36101
43,5,0.130282399,36101
51,1,0,36101
51,2,0.273445513,36101
51,3,0.487268537,36101
51,4,0.114668519,36101
51,5,0.124617431,36101
52,1,0,36101
52,2,0.273445513,36101
52,3,0.487268537,36101
52,4,0.114668519,36101
52,5,0.124617431,36101
53,1,0,36101
53,2,0.273445513,36101
53,3,0.487268537,36101
53,4,0.114668519,36101
53,5,0.124617431,36101
53,1,0,36101
54,2,0.273445513,36101
54,3,0.487268537,36101
54,4,0.114668519,36101
54,5,0.124617431,36101
61,1,0,36101
61,2,0.669435752,36101
61,3,0.120604301,36101
61,4,0.189345882,36101
61,5,0.020614066,36101
62,1,0,36101
62,2,0.669435752,36101
62,3,0.120604301,36101
62,4,0.189345882,36101
62,5,0.020614066,36101
11,1,0,36103
11,2,0,36103
11,3,0.009328137,36103
11,4,0.205337767,36103
11,5,0.785334096,36103
21,1,0,36103
21,2,0,36103
21,3,0.001857505,36103
21,4,0.319738517,36103
21,5,0.678403978,36103
31,1,0,36103
31,2,0,36103
31,3,0.001857505,36103
31,4,0.319738517,36103
31,5,0.678403978,36103
32,1,0,36103
32,2,0,36103
32,3,0.001857505,36103
32,4,0.319738517,36103
32,5,0.678403978,36103
41,1,0,36103
41,2,0,36103
41,3,0.001048846,36103
41,4,0.26672252,36103
41,5,0.732228633,36103
42,1,0,36103
42,2,0,36103
42,3,0.001048846,36103
42,4,0.26672252,36103
42,5,0.732228633,36103
43,1,0,36103
43,2,0,36103
43,3,0.001048846,36103
43,4,0.26672252,36103
43,5,0.732228633,36103
51,1,0,36103
51,2,0,36103
51,3,0.003727709,36103
51,4,0.311046638,36103
51,5,0.685225653,36103
52,1,0,36103
52,2,0,36103
52,3,0.003727709,36103
52,4,0.311046638,36103
52,5,0.685225653,36103
53,1,0,36103
53,2,0,36103
53,3,0.003727709,36103
53,4,0.311046638,36103
53,5,0.685225653,36103
53,1,0,36103
54,2,0,36103
54,3,0.003727709,36103
54,4,0.311046638,36103
54,5,0.685225653,36103
61,1,0,36103
61,2,0,36103
61,3,0.001412974,36103
61,4,0.576826875,36103
61,5,0.421760151,36103
62,1,0,36103
62,2,0,36103
62,3,0.001412974,36103
62,4,0.576826875,36103
62,5,0.421760151,36103
11,1,0,36105
11,2,0.156838261,36105
11,3,0.53099845,36105
11,4,0.042858772,36105
11,5,0.269304516,36105
21,1,0,36105
21,2,0.173346849,36105
21,3,0.391615429,36105
21,4,0.166848114,36105
21,5,0.268189608,36105
31,1,0,36105
31,2,0.173346849,36105
31,3,0.391615429,36105
31,4,0.166848114,36105
31,5,0.268189608,36105
32,1,0,36105
32,2,0.173346849,36105
32,3,0.391615429,36105
32,4,0.166848114,36105
32,5,0.268189608,36105
41,1,0,36105
41,2,0.143373571,36105
41,3,0.505224536,36105
41,4,0.095499574,36105
41,5,0.255902318,36105
42,1,0,36105
42,2,0.143373571,36105
42,3,0.505224536,36105
42,4,0.095499574,36105
42,5,0.255902318,36105
43,1,0,36105
43,2,0.143373571,36105
43,3,0.505224536,36105
43,4,0.095499574,36105
43,5,0.255902318,36105
51,1,0,36105
51,2,0.173358655,36105
51,3,0.475361536,36105
51,4,0.149180823,36105
51,5,0.202098985,36105
52,1,0,36105
52,2,0.173358655,36105
52,3,0.475361536,36105
52,4,0.149180823,36105
52,5,0.202098985,36105
53,1,0,36105
53,2,0.173358655,36105
53,3,0.475361536,36105
53,4,0.149180823,36105
53,5,0.202098985,36105
53,1,0,36105
54,2,0.173358655,36105
54,3,0.475361536,36105
54,4,0.149180823,36105
54,5,0.202098985,36105
61,1,0,36105
61,2,0.420129492,36105
61,3,0.140643656,36105
61,4,0.407310266,36105
61,5,0.031916587,36105
62,1,0,36105
62,2,0.420129492,36105
62,3,0.140643656,36105
62,4,0.407310266,36105
62,5,0.031916587,36105
11,1,0,36107
11,2,0.333576887,36107
11,3,0.427720703,36107
11,4,0.044614858,36107
11,5,0.194087553,36107
21,1,0,36107
21,2,0.35076314,36107
21,3,0.300110284,36107
21,4,0.165239987,36107
21,5,0.183886589,36107
31,1,0,36107
31,2,0.35076314,36107
31,3,0.300110284,36107
31,4,0.165239987,36107
31,5,0.183886589,36107
32,1,0,36107
32,2,0.35076314,36107
32,3,0.300110284,36107
32,4,0.165239987,36107
32,5,0.183886589,36107
41,1,0,36107
41,2,0.306243661,36107
41,3,0.408700835,36107
41,4,0.099837867,36107
41,5,0.185217637,36107
42,1,0,36107
42,2,0.306243661,36107
42,3,0.408700835,36107
42,4,0.099837867,36107
42,5,0.185217637,36107
43,1,0,36107
43,2,0.306243661,36107
43,3,0.408700835,36107
43,4,0.099837867,36107
43,5,0.185217637,36107
51,1,0,36107
51,2,0.350300396,36107
51,3,0.363782851,36107
51,4,0.147538021,36107
51,5,0.138378732,36107
52,1,0,36107
52,2,0.350300396,36107
52,3,0.363782851,36107
52,4,0.147538021,36107
52,5,0.138378732,36107
53,1,0,36107
53,2,0.350300396,36107
53,3,0.363782851,36107
53,4,0.147538021,36107
53,5,0.138378732,36107
53,1,0,36107
54,2,0.350300396,36107
54,3,0.363782851,36107
54,4,0.147538021,36107
54,5,0.138378732,36107
61,1,0,36107
61,2,0.614618034,36107
61,3,0.077922946,36107
61,4,0.291637483,36107
61,5,0.015821537,36107
62,1,0,36107
62,2,0.614618034,36107
62,3,0.077922946,36107
62,4,0.291637483,36107
62,5,0.015821537,36107
11,1,0,36109
11,2,0,36109
11,3,0.618633128,36109
11,4,0.05070281,36109
11,5,0.330664062,36109
21,1,0,36109
21,2,0,36109
21,3,0.537950053,36109
21,4,0.073539985,36109
21,5,0.388509962,36109
31,1,0,36109
31,2,0,36109
31,3,0.537950053,36109
31,4,0.073539985,36109
31,5,0.388509962,36109
32,1,0,36109
32,2,0,36109
32,3,0.537950053,36109
32,4,0.073539985,36109
32,5,0.388509962,36109
41,1,0,36109
41,2,0,36109
41,3,0.575992392,36109
41,4,0.036100235,36109
41,5,0.387907373,36109
42,1,0,36109
42,2,0,36109
42,3,0.575992392,36109
42,4,0.036100235,36109
42,5,0.387907373,36109
43,1,0,36109
43,2,0,36109
43,3,0.575992392,36109
43,4,0.036100235,36109
43,5,0.387907373,36109
51,1,0,36109
51,2,0,36109
51,3,0.669446601,36109
51,4,0.055148207,36109
51,5,0.275405192,36109
52,1,0,36109
52,2,0,36109
52,3,0.669446601,36109
52,4,0.055148207,36109
52,5,0.275405192,36109
53,1,0,36109
53,2,0,36109
53,3,0.669446601,36109
53,4,0.055148207,36109
53,5,0.275405192,36109
53,1,0,36109
54,2,0,36109
54,3,0.669446601,36109
54,4,0.055148207,36109
54,5,0.275405192,36109
61,1,0,36109
61,2,0,36109
61,3,0.702038836,36109
61,4,0.166322783,36109
61,5,0.131638381,36109
62,1,0,36109
62,2,0,36109
62,3,0.702038836,36109
62,4,0.166322783,36109
62,5,0.131638381,36109
11,1,0,36111
11,2,0.005511888,36111
11,3,0.407747647,36111
11,4,0.133295822,36111
11,5,0.453444643,36111
21,1,0,36111
21,2,0.013137821,36111
21,3,0.27711027,36111
21,4,0.245608109,36111
21,5,0.464143799,36111
31,1,0,36111
31,2,0.013137821,36111
31,3,0.27711027,36111
31,4,0.245608109,36111
31,5,0.464143799,36111
32,1,0,36111
32,2,0.013137821,36111
32,3,0.27711027,36111
32,4,0.245608109,36111
32,5,0.464143799,36111
41,1,0,36111
41,2,0.00892127,36111
41,3,0.315938406,36111
41,4,0.182035722,36111
41,5,0.493104602,36111
42,1,0,36111
42,2,0.00892127,36111
42,3,0.315938406,36111
42,4,0.182035722,36111
42,5,0.493104602,36111
43,1,0,36111
43,2,0.00892127,36111
43,3,0.315938406,36111
43,4,0.182035722,36111
43,5,0.493104602,36111
51,1,0,36111
51,2,0.012086779,36111
51,3,0.328019413,36111
51,4,0.276835718,36111
51,5,0.383058089,36111
52,1,0,36111
52,2,0.012086779,36111
52,3,0.328019413,36111
52,4,0.276835718,36111
52,5,0.383058089,36111
53,1,0,36111
53,2,0.012086779,36111
53,3,0.328019413,36111
53,4,0.276835718,36111
53,5,0.383058089,36111
53,1,0,36111
54,2,0.012086779,36111
54,3,0.328019413,36111
54,4,0.276835718,36111
54,5,0.383058089,36111
61,1,0,36111
61,2,0.05347928,36111
61,3,0.129729437,36111
61,4,0.72370478,36111
61,5,0.093086503,36111
62,1,0,36111
62,2,0.05347928,36111
62,3,0.129729437,36111
62,4,0.72370478,36111
62,5,0.093086503,36111
11,1,0,36113
11,2,0.033469755,36113
11,3,0.599104768,36113
11,4,0.082692249,36113
11,5,0.284733227,36113
21,1,0,36113
21,2,0.134127889,36113
21,3,0.294599121,36113
21,4,0.2150847,36113
21,5,0.35618829,36113
31,1,0,36113
31,2,0.134127889,36113
31,3,0.294599121,36113
31,4,0.2150847,36113
31,5,0.35618829,36113
32,1,0,36113
32,2,0.134127889,36113
32,3,0.294599121,36113
32,4,0.2150847,36113
32,5,0.35618829,36113
41,1,0,36113
41,2,0.109491767,36113
41,3,0.341059293,36113
41,4,0.17797137,36113
41,5,0.371477571,36113
42,1,0,36113
42,2,0.109491767,36113
42,3,0.341059293,36113
42,4,0.17797137,36113
42,5,0.371477571,36113
43,1,0,36113
43,2,0.109491767,36113
43,3,0.341059293,36113
43,4,0.17797137,36113
43,5,0.371477571,36113
51,1,0,36113
51,2,0.137879917,36113
51,3,0.422350653,36113
51,4,0.156477455,36113
51,5,0.283291975,36113
52,1,0,36113
52,2,0.137879917,36113
52,3,0.422350653,36113
52,4,0.156477455,36113
52,5,0.283291975,36113
53,1,0,36113
53,2,0.137879917,36113
53,3,0.422350653,36113
53,4,0.156477455,36113
53,5,0.283291975,36113
53,1,0,36113
54,2,0.137879917,36113
54,3,0.422350653,36113
54,4,0.156477455,36113
54,5,0.283291975,36113
61,1,0,36113
61,2,0.482115452,36113
61,3,0.139206963,36113
61,4,0.311945798,36113
61,5,0.066731787,36113
62,1,0,36113
62,2,0.482115452,36113
62,3,0.139206963,36113
62,4,0.311945798,36113
62,5,0.066731787,36113
11,1,0,36115
11,2,0,36115
11,3,0.934873156,36115
11,4,0,36115
11,5,0.065126844,36115
21,1,0,36115
21,2,0,36115
21,3,0.849456708,36115
21,4,0,36115
21,5,0.150543292,36115
31,1,0,36115
31,2,0,36115
31,3,0.849456708,36115
31,4,0,36115
31,5,0.150543292,36115
32,1,0,36115
32,2,0,36115
32,3,0.849456708,36115
32,4,0,36115
32,5,0.150543292,36115
41,1,0,36115
41,2,0,36115
41,3,0.862327578,36115
41,4,0,36115
41,5,0.137672422,36115
42,1,0,36115
42,2,0,36115
42,3,0.862327578,36115
42,4,0,36115
42,5,0.137672422,36115
43,1,0,36115
43,2,0,36115
43,3,0.862327578,36115
43,4,0,36115
43,5,0.137672422,36115
51,1,0,36115
51,2,0,36115
51,3,0.910483114,36115
51,4,0,36115
51,5,0.089516886,36115
52,1,0,36115
52,2,0,36115
52,3,0.910483114,36115
52,4,0,36115
52,5,0.089516886,36115
53,1,0,36115
53,2,0,36115
53,3,0.910483114,36115
53,4,0,36115
53,5,0.089516886,36115
53,1,0,36115
54,2,0,36115
54,3,0.910483114,36115
54,4,0,36115
54,5,0.089516886,36115
61,1,0,36115
61,2,0,36115
61,3,0.934347369,36115
61,4,0,36115
61,5,0.065652631,36115
62,1,0,36115
62,2,0,36115
62,3,0.934347369,36115
62,4,0,36115
62,5,0.065652631,36115
11,1,0,36117
11,2,0,36117
11,3,0.666754618,36117
11,4,0,36117
11,5,0.333245382,36117
21,1,0,36117
21,2,0,36117
21,3,0.556509809,36117
21,4,0,36117
21,5,0.443490191,36117
31,1,0,36117
31,2,0,36117
31,3,0.556509809,36117
31,4,0,36117
31,5,0.443490191,36117
32,1,0,36117
32,2,0,36117
32,3,0.556509809,36117
32,4,0,36117
32,5,0.443490191,36117
41,1,0,36117
41,2,0,36117
41,3,0.60923129,36117
41,4,0,36117
41,5,0.39076871,36117
42,1,0,36117
42,2,0,36117
42,3,0.60923129,36117
42,4,0,36117
42,5,0.39076871,36117
43,1,0,36117
43,2,0,36117
43,3,0.60923129,36117
43,4,0,36117
43,5,0.39076871,36117
51,1,0,36117
51,2,0,36117
51,3,0.722670048,36117
51,4,0,36117
51,5,0.277329952,36117
52,1,0,36117
52,2,0,36117
52,3,0.722670048,36117
52,4,0,36117
52,5,0.277329952,36117
53,1,0,36117
53,2,0,36117
53,3,0.722670048,36117
53,4,0,36117
53,5,0.277329952,36117
53,1,0,36117
54,2,0,36117
54,3,0.722670048,36117
54,4,0,36117
54,5,0.277329952,36117
61,1,0,36117
61,2,0,36117
61,3,0.860588035,36117
61,4,0,36117
61,5,0.139411965,36117
62,1,0,36117
62,2,0,36117
62,3,0.860588035,36117
62,4,0,36117
62,5,0.139411965,36117
11,1,0,36119
11,2,0,36119
11,3,0,36119
11,4,0.402694972,36119
11,5,0.597305028,36119
21,1,0,36119
21,2,0,36119
21,3,0,36119
21,4,0.548248543,36119
21,5,0.451751457,36119
31,1,0,36119
31,2,0,36119
31,3,0,36119
31,4,0.548248543,36119
31,5,0.451751457,36119
32,1,0,36119
32,2,0,36119
32,3,0,36119
32,4,0.548248543,36119
32,5,0.451751457,36119
41,1,0,36119
41,2,0,36119
41,3,0,36119
41,4,0.458479683,36119
41,5,0.541520317,36119
42,1,0,36119
42,2,0,36119
42,3,0,36119
42,4,0.458479683,36119
42,5,0.541520317,36119
43,1,0,36119
43,2,0,36119
43,3,0,36119
43,4,0.458479683,36119
43,5,0.541520317,36119
51,1,0,36119
51,2,0,36119
51,3,0,36119
51,4,0.623702018,36119
51,5,0.376297982,36119
52,1,0,36119
52,2,0,36119
52,3,0,36119
52,4,0.623702018,36119
52,5,0.376297982,36119
53,1,0,36119
53,2,0,36119
53,3,0,36119
53,4,0.623702018,36119
53,5,0.376297982,36119
53,1,0,36119
54,2,0,36119
54,3,0,36119
54,4,0.623702018,36119
54,5,0.376297982,36119
61,1,0,36119
61,2,0,36119
61,3,0,36119
61,4,0.946894547,36119
61,5,0.053105453,36119
62,1,0,36119
62,2,0,36119
62,3,0,36119
62,4,0.946894547,36119
62,5,0.053105453,36119
11,1,0,36121
11,2,0,36121
11,3,0.98688654,36121
11,4,0,36121
11,5,0.01311346,36121
21,1,0,36121
21,2,0,36121
21,3,0.979252871,36121
21,4,0,36121
21,5,0.020747129,36121
31,1,0,36121
31,2,0,36121
31,3,0.979252871,36121
31,4,0,36121
31,5,0.020747129,36121
32,1,0,36121
32,2,0,36121
32,3,0.979252871,36121
32,4,0,36121
32,5,0.020747129,36121
41,1,0,36121
41,2,0,36121
41,3,0.983233356,36121
41,4,0,36121
41,5,0.016766644,36121
42,1,0,36121
42,2,0,36121
42,3,0.983233356,36121
42,4,0,36121
42,5,0.016766644,36121
43,1,0,36121
43,2,0,36121
43,3,0.983233356,36121
43,4,0,36121
43,5,0.016766644,36121
51,1,0,36121
51,2,0,36121
51,3,0.989900492,36121
51,4,0,36121
51,5,0.010099508,36121
52,1,0,36121
52,2,0,36121
52,3,0.989900492,36121
52,4,0,36121
52,5,0.010099508,36121
53,1,0,36121
53,2,0,36121
53,3,0.989900492,36121
53,4,0,36121
53,5,0.010099508,36121
53,1,0,36121
54,2,0,36121
54,3,0.989900492,36121
54,4,0,36121
54,5,0.010099508,36121
61,1,0,36121
61,2,0,36121
61,3,0.995711649,36121
61,4,0,36121
61,5,0.004288351,36121
62,1,0,36121
62,2,0,36121
62,3,0.995711649,36121
62,4,0,36121
62,5,0.004288351,36121
11,1,0,36123
11,2,0,36123
11,3,0.870071632,36123
11,4,0,36123
11,5,0.129928368,36123
21,1,0,36123
21,2,0,36123
21,3,0.830562172,36123
21,4,0,36123
21,5,0.169437828,36123
31,1,0,36123
31,2,0,36123
31,3,0.830562172,36123
31,4,0,36123
31,5,0.169437828,36123
32,1,0,36123
32,2,0,36123
32,3,0.830562172,36123
32,4,0,36123
32,5,0.169437828,36123
41,1,0,36123
41,2,0,36123
41,3,0.875919412,36123
41,4,0,36123
41,5,0.124080588,36123
42,1,0,36123
42,2,0,36123
42,3,0.875919412,36123
42,4,0,36123
42,5,0.124080588,36123
43,1,0,36123
43,2,0,36123
43,3,0.875919412,36123
43,4,0,36123
43,5,0.124080588,36123
51,1,0,36123
51,2,0,36123
51,3,0.891654802,36123
51,4,0,36123
51,5,0.108345198,36123
52,1,0,36123
52,2,0,36123
52,3,0.891654802,36123
52,4,0,36123
52,5,0.108345198,36123
53,1,0,36123
53,2,0,36123
53,3,0.891654802,36123
53,4,0,36123
53,5,0.108345198,36123
53,1,0,36123
54,2,0,36123
54,3,0.891654802,36123
54,4,0,36123
54,5,0.108345198,36123
61,1,0,36123
61,2,0,36123
61,3,0.924890692,36123
61,4,0,36123
61,5,0.075109308,36123
62,1,0,36123
62,2,0,36123
62,3,0.924890692,36123
62,4,0,36123
62,5,0.075109308,36123
