OBJECTID,MUSYM
1,LcA
2,Pa
3,RdB
4,Ff
5,Ce
6,LcA
7,RgB
8,Ce
9,Ff
10,Sh
11,Sh
12,Sm
13,Ff
14,LcB
15,Ra
16,LcA
17,RdA
18,Ff
19,RgB
20,Pa
21,RgB
22,RdB
23,Ce
24,LcB
25,Ff
26,RgB
27,Ce
28,LcB
29,RdB
30,Sh
31,RdB
32,Ff
33,Sm
34,RdB
35,Sh
36,Sh
37,RdB
38,Sh
39,LcA
40,Sh
41,Sh
42,LcA
43,RgB
44,Ff
45,LcB
46,Sh
47,LcB
48,Sh
49,Ff
50,Ce
51,Sm
52,Sm
53,RdB
54,RdB
55,Ff
56,Ff
57,Sh
58,Sm
59,LeB
60,Sh
61,RdB
62,Ff
63,Sh
64,Pa
65,LcB
66,Sh
67,Ce
68,Ff
69,Fr
70,Sh
71,Ff
72,Sh
73,LcA
74,Sh
75,Ff
76,LeB
77,Sh
78,LcB
79,Sm
80,Ip
81,Pa
82,RdB
83,RdA
84,LcB
85,Sh
86,RdB
87,RdB
88,Sh
89,LcB
90,Ce
91,Ra
92,Sm
93,LcB
94,Sh
95,Pc
96,RdB
97,RgB
98,LcB
99,LcB
100,RdB
101,Pc
102,LcA
103,Sh
104,RdB
105,Sh
106,Sh
107,LeB
108,Sh
109,LeB
110,RdA
111,LcA
112,LcA
113,RdA
114,LcB
115,Ce
116,Ce
117,Sh
118,Sh
119,Ff
120,Sh
121,LcB
122,RdB
123,LcB
124,RdB
125,RdB
126,RdB
127,Ff
128,LcB
129,Pa
130,Pa
131,RdB
132,Sh
133,Sh
134,RdA
135,RgB
136,LeB
137,LcB
138,LcB
139,Sm
140,LcA
141,Sh
142,LcB
143,LeB
144,Sm
145,Ff
146,Fr
147,Fr
148,Sh
149,Ce
150,Pa
151,Sh
152,LeB
153,LeB
154,Sh
155,LcB
156,RdB
157,LeB
158,LeB
159,Sh
160,RgB
161,Fr
162,RdA
163,Ff
164,Pa
165,LeB
166,Sm
167,Ra
168,Sh
169,Pa
170,Sh
171,Ra
172,LcB
173,LcA
174,Sh
175,Pa
176,Sh
177,Sh
178,Pc
179,RdB
180,LeB
181,LeB
182,LcB
183,LcB
184,Sh
185,Ff
186,Sh
187,LcA
188,RgB
189,Sh
190,LcB
191,Ce
192,LcB
193,Sh
194,RdB
195,RdB
196,LcB
197,Sh
198,LcA
199,LcB
200,LcB
201,Ff
202,LcB
203,Ff
204,LcA
205,LcA
206,LcB
207,LeB
208,Sh
209,Sh
210,LcA
211,LcB
212,Pa
213,Sh
214,Sh
215,Sh
216,Ff
217,Pc
218,LeB
219,Pa
220,Pa
221,Pa
222,LcB
223,Pc
224,Pc
225,Pa
226,LcB
227,Ff
228,RgB
229,Pa
230,RdB
231,Ce
232,Sh
233,Ce
234,Sh
235,RdB
236,RdB
237,Ff
238,Sh
239,LeB
240,RdB
241,Sh
242,Fr
243,Pa
244,Pa
245,RdB
246,LcB
247,Ce
248,LcA
249,Pa
250,Ff
251,LcA
252,LcB
253,Sm
254,Ff
255,Sh
256,Sm
257,Sm
258,Sh
259,Pa
260,RdA
261,Sh
262,Pc
263,Sm
264,LcB
265,LcB
266,Sh
267,Pa
268,Pa
269,RgB
270,RdB
271,Sh
272,LcB
273,LcB
274,Ff
275,LcB
276,Ce
277,RdB
278,RdB
279,Ip
280,Ce
281,Ff
282,LcA
283,LcB
284,Sh
285,Sh
286,Sm
287,Sh
288,RdA
289,RdB
290,Ce
291,Sm
292,LcB
293,LeB
294,RdB
295,Sh
296,LcB
297,Pa
298,Ff
299,LeB
300,Pa
301,Sm
302,RdB
303,LcB
304,LcA
305,Sm
306,Sh
307,Sh
308,RgB
309,RdB
310,RdA
311,Ff
312,RgB
313,Sh
314,LcB
315,LcA
316,Pa
317,Sh
318,RdB
319,LcB
320,LcA
321,Sm
322,Ce
323,LcA
324,Sh
325,LeB
326,LcB
327,RdB
328,RgB
329,LcA
330,LcA
331,LeB
332,Pa
333,Pa
334,RdB
335,LcB
336,LcA
337,RgB
338,Ce
339,Pa
340,LcB
341,RdA
342,Sm
343,Ce
344,LcB
345,LeB
346,RdB
347,Pa
348,Sh
349,RdA
350,RdA
351,Sh
352,Sh
353,Pa
354,Sh
355,Pa
356,RdA
357,RdA
358,LcB
359,Ff
360,RgB
361,Pa
362,Sm
363,RdA
364,Sh
365,Sh
366,Sh
367,LcA
368,RdA
369,Sh
370,Fr
371,RdB
372,LcB
373,LeB
374,Ra
375,Pa
376,Ff
377,Pa
378,RgB
379,LcB
380,RdB
381,RdB
382,Pa
383,Ce
384,Sh
385,LcB
386,RdB
387,Pc
388,LcA
389,Ff
390,RdB
391,Fr
392,Sh
393,Pa
394,Sm
395,LcB
396,RdA
397,LeB
398,RdB
399,LcB
400,Ce
401,Fr
402,LcB
403,LcB
404,Ce
405,Sm
406,Sh
407,RdB
408,Fr
409,Sm
410,LeB
411,Pa
412,Sh
413,RdA
414,RdA
415,Ra
416,Pa
417,RdA
418,LcA
419,RdB
420,LcB
421,RgB
422,RgB
423,LcA
424,Sh
425,Sh
426,LcB
427,Ff
428,LcA
429,Ff
430,Sh
431,RdB
432,Fr
433,LcB
434,Pa
435,Sm
436,LcB
437,Sh
438,Pa
439,Pa
440,LcB
441,Pa
442,LcB
443,Ce
444,Sm
445,Ce
446,LcB
447,Sh
448,Pa
449,Ff
450,Sm
451,Ff
452,Ce
453,LcB
454,Ce
455,Ce
456,Pa
457,LeB
458,Sh
459,RdA
460,Sh
461,RdA
462,RdA
463,Sh
464,Pa
465,Sh
466,Ce
467,Sm
468,Sh
469,Sh
470,LcA
471,Ra
472,LcB
473,Ff
474,Sm
475,LcA
476,RdA
477,LcA
478,LcB
479,LcB
480,LeB
481,RdB
482,Sh
483,Pc
484,LcA
485,LcB
486,Sh
487,Sh
488,Ff
489,LcB
490,LeB
491,Ff
492,LcB
493,Sh
494,Ff
495,Pa
496,LeB
497,LcB
498,RdB
499,RdB
500,LcB
501,Ff
502,Ce
503,RdB
504,Sh
505,Pa
506,LcB
507,Sh
508,LeB
509,RdB
510,Ff
511,Ra
512,Sh
513,Fr
514,Ff
515,LcB
516,Sh
517,Pa
518,RdB
519,LcB
520,Sh
521,LcB
522,Fr
523,Sh
524,Pa
525,LeB
526,Pc
527,Sh
528,LcA
529,LcA
530,LcA
531,Ff
532,RdB
533,RdB
534,LcA
535,Sh
536,Sh
537,LeB
538,Sh
539,Sh
540,RdA
541,RdA
542,Sh
543,Ff
544,Pc
545,LcB
546,Fr
547,Sh
548,Pa
549,RdB
550,Pa
551,Pc
552,RgB
553,LeB
554,Sh
555,Pa
556,RdB
557,Sh
558,Sh
559,LcB
560,Ip
561,LcB
562,Sh
563,LeB
564,RdB
565,Sh
566,Pa
567,Ra
568,Ff
569,Pa
570,LcA
571,LcB
572,LcB
573,Pa
574,Ce
575,Pa
576,LcB
577,LcB
578,RdB
579,Sm
580,Ce
581,RdA
582,Ce
583,LcA
584,LeB
585,LcB
586,Ra
587,RdB
588,Pc
589,Sh
590,Sh
591,LeB
592,RdA
593,Sm
594,Pa
595,Sh
596,LcA
597,LcB
598,RdA
599,Ra
600,Sh
601,LcA
602,LcB
603,RdB
604,Sm
605,Sm
606,RdB
607,RdA
608,Sm
609,Sh
610,Sh
611,Sh
612,Ip
613,RdB
614,Pc
615,LcA
616,Sh
617,Pa
618,Sh
619,Ce
620,Pc
621,Sh
622,LcB
623,LcB
624,Sh
625,LeB
626,RdB
627,RdA
628,RgB
629,Pa
630,LcB
631,Pa
632,Fr
633,Ra
634,Sh
635,Ra
636,RdA
637,LcB
638,Sh
639,Ff
640,Ce
641,LcB
642,LcB
643,Sh
644,Ra
645,Pc
646,Ce
647,Ce
648,RdB
649,Sm
650,Ce
651,LcB
652,RdB
653,LcA
654,Sh
655,LeB
656,Ff
657,Pc
658,LcB
659,Sh
660,RdB
661,Ff
662,Ce
663,LcB
664,LcA
665,Fr
666,Ff
667,Pc
668,Sh
669,LcA
670,Sh
671,Ff
672,Ff
673,LcA
674,Ff
675,Ra
676,Pa
677,RgB
678,Sm
679,Ff
680,Pc
681,RdB
682,Sh
683,LcB
684,Ce
685,Pa
686,Sh
687,Pc
688,Sh
689,Sh
690,LcB
691,RdB
692,Pa
693,Ce
694,Ce
695,RdB
696,Pa
697,Ff
698,LcB
699,RdB
700,RdB
701,Sh
702,RdB
703,LeB
704,Sh
705,Ce
706,RdB
707,Pa
708,Sm
709,Sm
710,RdB
711,LcA
712,LeB
713,LeB
714,Sh
715,Sh
716,Ff
717,LcA
718,RdA
719,Sh
720,Sh
721,LcB
722,RdB
723,LeB
724,RdB
725,LcA
726,RdB
727,Sh
728,LcB
729,Pa
730,RdB
731,Pc
732,Ff
733,Ce
734,LcB
735,RdB
736,Sm
737,RdB
738,RdA
739,RdB
740,RdA
741,RgB
742,Sh
743,Pa
744,Sh
745,RdB
746,LcB
747,Pc
748,Pa
749,RgB
750,Sm
751,RgB
752,RdB
753,Ff
754,LcB
755,RdB
756,Pa
757,Ff
758,Sh
759,LcA
760,Sh
761,Ce
762,LeB
763,LcA
764,RdB
765,LcB
766,LeB
767,Ff
768,Ff
769,RdB
770,LcB
771,RdB
772,LcB
773,LcB
774,Ip
775,Sh
776,Sh
777,LcB
778,LcB
779,LeB
780,Ff
781,LeB
782,RdB
783,RgB
784,LcB
785,Pc
786,LcB
787,LeB
788,Ce
789,Ff
790,Sh
791,LcA
792,RdB
793,Pa
794,Ip
795,LcB
796,Ff
797,LcB
798,Pa
799,Sh
800,Pa
801,RdA
802,RdB
803,LcB
804,Ff
805,Sh
806,LcB
807,LcA
808,Ff
809,RdB
810,RdB
811,RdB
812,Ff
813,LcA
814,LcB
815,Ce
816,Sm
817,Sh
818,LcB
819,LcB
820,Ce
821,Sh
822,Sh
823,Sh
824,LcB
825,Sm
826,Pa
827,LeB
828,Sh
829,Pc
830,LeB
831,LcA
832,Sm
833,Ce
834,Sh
835,Sm
836,Pa
837,Ra
838,Pa
839,Sh
840,RdB
841,Sh
842,LcB
843,Sh
844,RdB
845,LeB
846,Ce
847,LcB
848,Sm
849,Sm
850,RdB
851,RdB
852,RdB
853,Pa
854,Ce
855,RdB
856,LcB
857,LcB
858,LcA
859,Sh
860,Fr
861,Sh
862,LcA
863,LeB
864,Fr
865,Sh
866,LcB
867,LeB
868,LeB
869,RgB
870,RdB
871,RdA
872,RdB
873,LcB
874,Ff
875,LcB
876,Sh
877,Sm
878,Sh
879,Ff
880,RgB
881,Sh
882,Ra
883,Ce
884,Sh
885,LcB
886,LcB
887,Pa
888,LcA
889,RdB
890,Ce
891,RdB
892,Ff
893,Sh
894,LcB
895,LcB
896,Sh
897,RdB
898,Sh
899,LeB
900,LeB
901,LeB
902,Ce
903,Sm
904,Pa
905,LcB
906,Ce
907,Sh
908,RdB
909,LcB
910,Ff
911,Ce
912,Sh
913,Sh
914,RdB
915,Ff
916,Ff
917,Sh
918,Sh
919,Sh
920,Ce
921,Sm
922,Pa
923,Ff
924,LcB
925,Ce
926,Pa
927,Sh
928,Sh
929,RdB
930,RdB
931,Sh
932,Sm
933,Sh
934,Sh
935,RgB
936,LcB
937,LcA
938,Sh
939,Pa
940,Fr
941,Sh
942,RgB
943,LeB
944,LcB
945,Sh
946,Sh
947,Sh
948,LcB
949,LcA
950,LcB
951,Ff
952,LcB
953,Sm
954,LcA
955,LeB
956,RdB
957,LcB
958,Sh
959,Ce
960,LcA
961,LcA
962,Ff
963,Pa
964,LcA
965,Sm
966,Ce
967,Fr
968,RgB
969,LeB
970,Pa
971,Ff
972,Sh
973,Ff
974,LeB
975,Ff
976,Pa
977,Ra
978,Ff
979,Ce
980,RdB
981,Sh
982,LeB
983,Ff
984,LcA
985,Sh
986,LeB
987,LeB
988,Ce
989,LcA
990,Sh
991,Sh
992,LcB
993,RdB
994,LcA
995,Sh
996,Sh
997,RdB
998,LcB
999,RdB
1000,LcB
1001,Sh
1002,Pa
1003,LeB
1004,Sh
1005,Pa
1006,Ff
1007,Sh
1008,RdB
1009,RdB
1010,Sh
1011,Sh
1012,Sh
1013,RgB
1014,RdB
1015,RgB
1016,Sm
1017,Pc
1018,Sm
1019,RdB
1020,LcA
1021,Sh
1022,Sh
1023,LcB
1024,Pa
1025,Pc
1026,Ff
1027,Pa
1028,Ce
1029,RdA
1030,Sh
1031,Sh
1032,LcB
1033,Sh
1034,Pa
1035,LcB
1036,Sm
1037,LcB
1038,LeB
1039,Pc
1040,Sm
1041,Sh
1042,Ff
1043,LeB
1044,Sm
1045,Sh
1046,Fr
1047,LcB
1048,Ce
1049,Fr
1050,Ce
1051,LcB
1052,RdA
1053,LeB
1054,RdA
1055,LeB
1056,Fr
1057,RdB
1058,LcB
1059,Pa
1060,LcA
1061,Pa
1062,LcB
1063,Sh
1064,Ff
1065,LcB
1066,Ff
1067,Pa
1068,Sm
1069,LeB
1070,Sm
1071,Pa
1072,Pa
1073,Pc
1074,RdB
1075,LcB
1076,Ce
1077,LcB
1078,Sm
1079,Pa
1080,Sm
1081,Sh
1082,Fr
1083,Sm
1084,Pc
1085,Ce
1086,Ff
1087,Sh
1088,LcB
1089,RdB
1090,LcB
1091,Fr
1092,Pa
1093,Sh
1094,Sh
1095,LcB
1096,RdB
1097,LcB
1098,LcB
1099,Ff
1100,Pa
1101,Sh
1102,Sm
1103,Ff
1104,RdA
1105,RdB
1106,LeB
1107,RdB
1108,LcB
1109,Ff
1110,LeB
1111,Pa
1112,LcA
1113,Ce
1114,LcA
1115,Sh
1116,RgB
1117,Sh
1118,Pa
1119,Ff
1120,LcB
1121,LcB
1122,Fr
1123,LeB
1124,Pa
1125,Pa
1126,LcB
1127,Sh
1128,Fr
1129,RdA
1130,LcB
1131,LcB
1132,Ra
1133,Ce
1134,Pc
1135,LcA
1136,Ff
1137,Sh
1138,LcA
1139,LeB
1140,Sm
1141,RdB
1142,RdB
1143,LeB
1144,Ce
1145,RdB
1146,LcB
1147,Pa
1148,RgB
1149,RdB
1150,Ce
1151,Sh
1152,LcB
1153,Sh
1154,Sh
1155,LcB
1156,Sh
1157,Pa
1158,Ff
1159,Ff
1160,LcB
1161,Sm
1162,LcB
1163,Sh
1164,RdA
1165,Pa
1166,LcA
1167,LcB
1168,Sh
1169,LeB
1170,LcB
1171,LcB
1172,LcB
1173,Ce
1174,LcB
1175,LeB
1176,Ff
1177,LcB
1178,RgB
1179,LeB
1180,Pa
1181,LeB
1182,RgB
1183,Fr
1184,RdB
1185,Pc
1186,LcB
1187,RdA
1188,LcB
1189,Fr
1190,LcA
1191,LeB
1192,RdA
1193,Ra
1194,Sm
1195,RgB
1196,LcA
1197,Sh
1198,Sh
1199,Sh
1200,Sm
1201,RdB
1202,Ce
1203,LeB
1204,Sh
1205,Sh
1206,Pa
1207,LcA
1208,Ce
1209,Ff
1210,Sm
1211,LcB
1212,Ff
1213,Ce
1214,LcB
1215,LeB
1216,Sh
1217,Sm
1218,Ce
1219,Sh
1220,Ff
1221,LcA
1222,LcB
1223,LcA
1224,LcB
1225,LeB
1226,LcB
1227,Sh
1228,Ra
1229,Sh
1230,LcA
1231,Ce
1232,Fr
1233,LcB
1234,RdB
1235,RdB
1236,Sh
1237,LcB
1238,Sh
1239,Pa
1240,LcA
1241,LeB
1242,Sh
1243,Pa
1244,LcB
1245,LcB
1246,Ff
1247,RdB
1248,LeB
1249,LcB
1250,Ff
1251,LcB
1252,Pa
1253,LeB
1254,Sh
1255,Ff
1256,Pc
1257,LeB
1258,Sh
1259,Pa
1260,Sh
1261,LeB
1262,Sm
1263,LeB
1264,Ce
1265,Ce
1266,Ra
1267,Sh
1268,Sm
1269,Ff
1270,RdA
1271,Ra
1272,Ff
1273,RdA
1274,Ff
1275,Ce
1276,LcA
1277,Pc
1278,RdB
1279,Ff
1280,Pa
1281,Ce
1282,Pa
1283,LcA
1284,LeB
1285,Ce
1286,LcB
1287,Sh
1288,Sh
1289,RdB
1290,RdA
1291,RdA
1292,LcB
1293,LeB
1294,LcB
1295,Ra
1296,Sh
1297,LcB
1298,Sh
1299,Ra
1300,Sm
1301,LeB
1302,Ff
1303,RdB
1304,RdA
1305,LcB
1306,RdA
1307,LeB
1308,Ff
1309,Sh
1310,Sh
1311,LeB
1312,RdB
1313,RdB
1314,Sh
1315,RdB
1316,LcB
1317,LcA
1318,LcB
1319,Pc
1320,RdB
1321,LeB
1322,LcB
1323,LeB
1324,Pc
1325,RdB
1326,Ce
1327,LeB
1328,LcB
1329,RdB
1330,RdB
1331,RdB
1332,RdB
1333,RdB
1334,LeB
1335,LcA
1336,Sm
1337,RdA
1338,Pa
1339,Ce
1340,Ce
1341,RgB
1342,Sh
1343,Sh
1344,LcB
1345,LcB
1346,RgB
1347,Ce
1348,Ra
1349,LcB
1350,Ip
1351,LcB
1352,Sh
1353,Sh
1354,LcB
1355,LcB
1356,Ip
1357,Pa
1358,LcB
1359,RdB
1360,LcB
1361,Ff
1362,Ff
1363,Ff
1364,LeB
1365,LcB
1366,RdB
1367,Sh
1368,LeB
1369,LcB
1370,RdB
1371,Sh
1372,RdA
1373,Sh
1374,Pa
1375,LcB
1376,LcB
1377,Sh
1378,Fr
1379,LcA
1380,LcB
1381,Sh
1382,Sh
1383,Fr
1384,Sh
1385,Ff
1386,Pa
1387,Sh
1388,Ff
1389,Sh
1390,RdA
1391,LcA
1392,Sh
1393,LcB
1394,LcA
1395,LcB
1396,Ce
1397,RdB
1398,RdA
1399,Sh
1400,RdB
1401,Ce
1402,RgB
1403,Sh
1404,Ce
1405,LcB
1406,RdB
1407,Ce
1408,RgB
1409,LcB
1410,LcA
1411,LeB
1412,Sh
1413,Ce
1414,Fr
1415,Fr
1416,RgB
1417,Sh
1418,LcB
1419,LcB
1420,Ce
1421,LcA
1422,RgB
1423,Sh
1424,Ce
1425,LeB
1426,RdA
1427,Sh
1428,RdA
1429,LcB
1430,Fr
1431,Sh
1432,LcB
1433,RdB
1434,RdA
1435,RdB
1436,RdB
1437,RgB
1438,Ff
1439,Sh
1440,RdB
1441,Ce
1442,Fr
1443,Ff
1444,LeB
1445,RgB
1446,Sh
1447,Pa
1448,LeB
1449,LcB
1450,LcA
1451,LeB
1452,RdB
1453,Ff
1454,RgB
1455,Ra
1456,Ff
1457,Pa
1458,Sh
1459,Sh
1460,Sh
1461,Pa
1462,LeB
1463,RdB
1464,LeB
1465,Sh
1466,Ff
1467,Pa
1468,Ff
1469,Sh
1470,RdA
1471,LcB
1472,RdB
1473,Sm
1474,Sh
1475,Ff
1476,Sh
1477,RdB
1478,Sh
1479,Ce
1480,LeB
1481,Pa
1482,RdA
1483,RdA
1484,Sh
1485,RdB
1486,LcA
1487,Sh
1488,Pa
1489,RdB
1490,LeB
1491,Sh
1492,Ce
1493,Ce
1494,LcB
1495,Ce
1496,RdB
1497,RdA
1498,LeB
1499,RgB
1500,RdB
1501,RdB
1502,Ff
1503,RdA
1504,Sm
1505,LeB
1506,Ce
1507,LeB
1508,Sh
1509,RdB
1510,Sh
1511,Ff
1512,RdA
1513,Sm
1514,Pa
1515,Sm
1516,Pa
1517,RdA
1518,Pa
1519,Sh
1520,Ra
1521,LeB
1522,RdB
1523,Ff
1524,LcB
1525,Sm
1526,Pa
1527,RdB
1528,RdB
1529,Sh
1530,LcB
1531,Fr
1532,LcB
1533,Sh
1534,Pa
1535,Sm
1536,Ff
1537,Ce
1538,LeB
1539,Pa
1540,Ff
1541,LcB
1542,Pc
1543,Ff
1544,Sm
1545,LcB
1546,LcB
1547,LcA
1548,Sh
1549,Pc
1550,LcB
1551,Sm
1552,Sh
1553,LcB
1554,Pa
1555,Ce
1556,LcA
1557,RdB
1558,LcA
1559,RdB
1560,Pc
1561,Sh
1562,Ce
1563,Sh
1564,LcA
1565,Sh
1566,Ff
1567,Sh
1568,Sh
1569,LcB
1570,LcB
1571,Fr
1572,RdA
1573,Ff
1574,LeB
1575,Pa
1576,RdA
1577,Sm
1578,LcB
1579,RdB
1580,RdA
1581,Ff
1582,RdA
1583,RdB
1584,RdB
1585,RdB
1586,Sm
1587,Fr
1588,LeB
1589,Sm
1590,Ff
1591,Sm
1592,RdB
1593,RdB
1594,Sm
1595,Ce
1596,RdB
1597,Pa
1598,RdB
1599,Sm
1600,Sh
1601,RdA
1602,Sh
1603,Sh
1604,RdA
1605,Pa
1606,LeB
1607,RdB
1608,LcB
1609,Pa
1610,Pa
1611,Sh
1612,Pc
1613,Sh
1614,Ce
1615,Pa
1616,LcB
1617,Ce
1618,Ff
1619,LeB
1620,Sh
1621,RdA
1622,LcB
1623,LcA
1624,Ce
1625,Sh
1626,RdB
1627,RdA
1628,RdA
1629,Sh
1630,Ce
1631,LcB
1632,RdB
1633,LcB
1634,LcA
1635,Pa
1636,Ff
1637,Ce
1638,Sh
1639,RgB
1640,LcA
1641,LeB
1642,RgB
1643,LeB
1644,RdA
1645,Ce
1646,Sh
1647,Ce
1648,LcB
1649,Sh
1650,Pa
1651,Ff
1652,Pa
1653,Ff
1654,RgB
1655,LcA
1656,Pc
1657,LcB
1658,Pa
1659,LcA
1660,LcB
1661,Pa
1662,Sh
1663,RdB
1664,Pa
1665,Pa
1666,LeB
1667,Sh
1668,RdB
1669,Ce
1670,Fr
1671,Ce
1672,Sh
1673,Sh
1674,Ff
1675,LcB
1676,Ra
1677,LcB
1678,Ce
1679,Pa
1680,Sh
1681,Pa
1682,Sh
1683,Sm
1684,Pa
1685,LcB
1686,Sh
1687,LeB
1688,LeB
1689,LeB
1690,LeB
1691,Fr
1692,Sm
1693,Sh
1694,Ce
1695,Sh
1696,Pc
1697,Sh
1698,Ce
1699,Ce
1700,LcB
1701,RgB
1702,Sh
1703,LcB
1704,LeB
1705,LcB
1706,Ff
1707,RgB
1708,RdB
1709,Sh
1710,Ff
1711,Sh
1712,RdB
1713,Sm
1714,Pa
1715,RdB
1716,RdA
1717,LcB
1718,LeB
1719,Ce
1720,RgB
1721,RdA
1722,Sh
1723,Pc
1724,Sm
1725,Pa
1726,RdA
1727,RgB
1728,LcB
1729,Pa
1730,Sh
1731,RdB
1732,RdA
1733,LeB
1734,Sh
1735,LcB
1736,Pa
1737,LcB
1738,Sh
1739,RdB
1740,Pc
1741,RdA
1742,RdA
1743,Ce
1744,Sh
1745,RdB
1746,RgB
1747,RgB
1748,Ip
1749,Ra
1750,RdB
1751,LcB
1752,Ff
1753,Ce
1754,LeB
1755,RgB
1756,RdB
1757,RdB
1758,Ce
1759,LcB
1760,RdB
1761,LcB
1762,RdA
1763,RdA
1764,RdA
1765,RdB
1766,Pa
1767,RdB
1768,Sh
1769,RgB
1770,Sm
1771,Sh
1772,RgB
1773,Pa
1774,Sh
1775,RdB
1776,LcB
1777,LeB
1778,Sh
1779,RdB
1780,Sh
1781,RgB
1782,Sh
1783,Ff
1784,Sh
1785,Sh
1786,RdA
1787,Sh
1788,RdA
1789,LcB
1790,RdB
1791,LcB
1792,RdB
1793,Fr
1794,LcA
1795,Pa
1796,Ce
1797,Sh
1798,Sh
1799,RgB
1800,Ce
1801,LcB
1802,Pa
1803,LeB
1804,Sh
1805,Ce
1806,Ff
1807,LcA
1808,Ra
1809,Pa
1810,RgB
1811,LcB
1812,LcB
1813,RdB
1814,Pa
1815,RdB
1816,Pa
1817,RdA
1818,Sh
1819,Sh
1820,Pa
1821,RdA
1822,RdB
1823,Ce
1824,Ff
1825,LeB
1826,Ce
1827,Pc
1828,Ce
1829,Sm
1830,Ra
1831,LcA
1832,RgB
1833,LcB
1834,LeB
1835,Pa
1836,LcA
1837,LcA
1838,Pa
1839,Fr
1840,Fr
1841,LeB
1842,RdA
1843,Sm
1844,RgB
1845,Ce
1846,RdA
1847,RdA
1848,LcB
1849,RdB
1850,Sm
1851,LcA
1852,RdB
1853,LcA
1854,Sh
1855,Sh
1856,Sh
1857,LcB
1858,Ra
1859,LcA
1860,RdB
1861,Ce
1862,LcA
1863,Ff
1864,LcA
1865,RdB
1866,RdA
1867,Sh
1868,LcB
1869,LcB
1870,Pa
1871,Sh
1872,Sh
1873,Sh
1874,RdB
1875,Ce
1876,Sm
1877,Sh
1878,RdB
1879,Ff
1880,Sh
1881,Fr
1882,RgB
1883,RdB
1884,Pa
1885,Pa
1886,LcB
1887,RgB
1888,Sh
1889,Sm
1890,Ce
1891,Sh
1892,LcA
1893,LcB
1894,Sm
1895,Ff
1896,Pa
1897,Pa
1898,LcB
1899,LcB
1900,Sh
1901,Sh
1902,Pa
1903,LcB
1904,RdB
1905,LcB
1906,Pa
1907,LcB
1908,LeB
1909,Ce
1910,LcB
1911,LcB
1912,LcA
1913,RdB
1914,Sh
1915,Sh
1916,Sh
1917,LeB
1918,Sm
1919,Sh
1920,LeB
1921,RgB
1922,Pc
1923,LcB
1924,Sh
1925,Pa
1926,Sh
1927,Pa
1928,Sm
1929,LcA
1930,Sh
1931,Pa
1932,Sm
1933,LeB
1934,Pa
1935,LeB
1936,Sh
1937,Pc
1938,RgB
1939,LcA
1940,Sh
1941,LcA
1942,LcB
1943,LcA
1944,Sh
1945,RdA
1946,LeB
1947,LcA
1948,Pa
1949,LcB
1950,LeB
1951,Ff
1952,LcB
1953,Pa
1954,Ff
1955,LcB
1956,LcB
1957,Pa
1958,Pa
1959,Sh
1960,LcB
1961,LcA
1962,Ra
1963,LcB
1964,Pa
1965,Sh
1966,Sh
1967,LcB
1968,Sh
1969,LcB
1970,Sm
1971,Pc
1972,LcA
1973,Sh
1974,RdA
1975,Sh
1976,LcA
1977,LcB
1978,Sm
1979,Pa
1980,LeB
1981,Sh
1982,Sh
1983,Pa
1984,Fr
1985,Pa
1986,LcB
1987,Pa
1988,LcA
1989,Pa
1990,Pa
1991,Sh
1992,Sh
1993,LeB
1994,RdA
1995,Ff
1996,RdA
1997,LcA
1998,LcB
1999,Sh
2000,Ce
2001,Ff
2002,Sh
2003,Sh
2004,LcB
2005,Ff
2006,Ip
2007,Sm
2008,LcA
2009,Ff
2010,LcB
2011,LcB
2012,Ff
2013,Pa
2014,Pa
2015,Ip
2016,RdB
2017,Sh
2018,LcB
2019,LcB
2020,Ff
2021,RdB
2022,RdB
2023,RdA
2024,RdA
2025,LcB
2026,Ra
2027,RdB
2028,Pa
2029,LcB
2030,Ra
2031,Ff
2032,LeB
2033,RdA
2034,Sm
2035,Ce
2036,Sh
2037,RdB
2038,LeB
2039,Sh
2040,RdB
2041,Ce
2042,Fr
2043,RdB
2044,Sh
2045,Ce
2046,Ff
2047,RgB
2048,RdB
2049,Pa
2050,Ff
2051,LcB
2052,RdB
2053,LcB
2054,Ce
2055,Ce
2056,RdB
2057,LeB
2058,Pa
2059,Sh
2060,RgB
2061,LcB
2062,Fr
2063,Sm
2064,LeB
2065,RdB
2066,LcB
2067,LcB
2068,LcB
2069,Pc
2070,RdB
2071,LeB
2072,Sh
2073,Ff
2074,RgB
2075,Sm
2076,Sh
2077,Pc
2078,RdB
2079,Pa
2080,LeB
2081,Sh
2082,RdB
2083,Sh
2084,Sh
2085,Pa
2086,LcB
2087,Ce
2088,Sh
2089,LeB
2090,LcB
2091,LcB
2092,LcB
2093,LcA
2094,RgB
2095,Ra
2096,RdB
2097,Sh
2098,Pc
2099,Pa
2100,Sm
2101,Ce
2102,Sh
2103,LcA
2104,LeB
2105,LcA
2106,Fr
2107,Ce
2108,Ff
2109,LeB
2110,LcB
2111,Pa
2112,Sh
2113,RdB
2114,LeB
2115,RdB
2116,Ce
2117,LcA
2118,Ff
2119,Sh
2120,Sm
2121,LeB
2122,Sh
2123,Ff
2124,Sh
2125,Ff
2126,Sh
2127,Ce
2128,LcB
2129,Sm
2130,RdB
2131,Sh
2132,LeB
2133,Pc
2134,Ce
2135,Ff
2136,LcB
2137,Sh
2138,LcB
2139,LcB
2140,Sm
2141,LcA
2142,LeB
2143,Sh
2144,Ce
2145,Sm
2146,Sm
2147,Sh
2148,LeB
2149,Ce
2150,Pc
2151,LcB
2152,Ff
2153,Pa
2154,LcB
2155,LeB
2156,Sh
2157,Sh
2158,LcA
2159,LcB
2160,Sh
2161,Pa
2162,Sm
2163,Sh
2164,Sh
2165,Pa
2166,Pa
2167,RdA
2168,Sh
2169,Ff
2170,Fr
2171,RdB
2172,RdB
2173,LcB
2174,Sh
2175,Sm
2176,Sh
2177,Pa
2178,Sh
2179,RdA
2180,Fr
2181,LcB
2182,Pa
2183,LeB
2184,Pa
2185,LeB
2186,Ff
2187,Ff
2188,RgB
2189,LcA
2190,RdB
2191,Sh
2192,LcA
2193,LeB
2194,RdA
2195,Ce
2196,Ff
2197,Ce
2198,Ff
2199,Sm
2200,Pa
2201,Sh
2202,LcA
2203,Sh
2204,Ce
2205,LeB
2206,Ff
2207,RdB
2208,RdA
2209,Sh
2210,RdB
2211,LcB
2212,Sh
2213,RdB
2214,LeB
2215,Ce
2216,Sh
2217,Sh
2218,RdB
2219,LcB
2220,Sh
2221,RdA
2222,Sh
2223,LcB
2224,RdB
2225,Ff
2226,RdB
2227,Ce
2228,Sm
2229,Ra
2230,RdA
2231,Sh
2232,Pa
2233,RdA
2234,Fr
2235,Sh
2236,Sh
2237,Sm
2238,Sh
2239,Ff
2240,RdA
2241,LcA
2242,Sh
2243,Sh
2244,LcB
2245,Sh
2246,Ce
2247,RgB
2248,LcA
2249,Ce
2250,LcA
2251,RdA
2252,LcA
2253,Ce
2254,Ff
2255,LcB
2256,LcB
2257,Ce
2258,LeB
2259,Sh
2260,RdB
2261,Pa
2262,Pc
2263,Sh
2264,LeB
2265,Sh
2266,Ff
2267,Ce
2268,Ce
2269,LcB
2270,LcB
2271,LeB
2272,Sh
2273,Pa
2274,Pc
2275,Ff
2276,Sh
2277,LcB
2278,LcB
2279,Sh
2280,Sh
2281,RdB
2282,LcA
2283,Ff
2284,Ff
2285,LeB
2286,LcB
2287,Ff
2288,Ce
2289,Sh
2290,Ra
2291,Sh
2292,Ff
2293,Sh
2294,Sh
2295,LeB
2296,LcB
2297,RdA
2298,RdB
2299,LcB
2300,LcB
2301,Pa
2302,Sh
2303,Ff
2304,Ff
2305,LcA
2306,LcB
2307,Ip
2308,Pa
2309,LcB
2310,Sh
2311,RdB
2312,RdB
2313,Pc
2314,Pc
2315,RdB
2316,Ce
2317,Ce
2318,LcB
2319,LcB
2320,Pa
2321,RdB
2322,Pa
2323,Pa
2324,Pa
2325,Ra
2326,Sm
2327,Ff
2328,Sh
2329,RdB
2330,Sh
2331,Fr
2332,RdA
2333,LcB
2334,LeB
2335,LcB
2336,LcB
2337,RdB
2338,Ff
2339,Sh
2340,Pa
2341,Sm
2342,LeB
2343,RdB
2344,RdA
2345,Ff
2346,Sh
2347,RdA
2348,Sh
2349,Sm
2350,Ra
2351,RgB
2352,Ff
2353,Pc
2354,LcA
2355,Pc
2356,Sh
2357,Sh
2358,Ff
2359,Fr
2360,Ce
2361,Ce
2362,RgB
2363,LeB
2364,LcB
2365,Ce
2366,Fr
2367,LeB
2368,Sm
2369,Fr
2370,Pc
2371,RdB
2372,RdB
2373,LeB
2374,Ce
2375,LcA
2376,Sh
2377,LcB
2378,Sh
2379,Sh
2380,LeB
2381,LcB
2382,LeB
2383,RgB
2384,Sm
2385,LcB
2386,LeB
2387,Ff
2388,LcB
2389,Sm
2390,Ce
2391,RdB
2392,LeB
2393,RdA
2394,RdB
2395,Pa
2396,RdA
2397,RdB
2398,Sm
2399,Sh
2400,LcB
2401,RdB
2402,LeB
2403,LeB
2404,LeB
2405,Sm
2406,Sh
2407,Sm
2408,Pa
2409,LcA
2410,RdB
2411,Pa
2412,LcB
2413,Pa
2414,Sm
2415,Sh
2416,Sm
2417,Ff
2418,Ce
2419,Sh
2420,LcB
2421,Sm
2422,Sm
2423,LcB
2424,Ff
2425,Ff
2426,RgB
2427,LcB
2428,Pa
2429,Sm
2430,Ce
2431,LeB
2432,Pc
2433,LcB
2434,LcA
2435,Sh
2436,Sm
2437,Ce
2438,LcB
2439,Pa
2440,LcB
2441,RdB
2442,Sh
2443,Sh
2444,Ff
2445,Sm
2446,LeB
2447,LcB
2448,RdB
2449,LcB
2450,Sh
2451,RdB
2452,Sh
2453,LcB
2454,RdB
2455,RgB
2456,Ff
2457,Sm
2458,LcA
2459,Sm
2460,LeB
2461,RdB
2462,LcB
2463,Sh
2464,Sm
2465,RdB
2466,RdB
2467,Pa
2468,LeB
2469,Sm
2470,LeB
2471,Sh
2472,Ff
2473,RdA
2474,LeB
2475,Sh
2476,Pa
2477,RgB
2478,Sh
2479,Ce
2480,LeB
2481,LcB
2482,LcB
2483,Ff
2484,LcB
2485,Pa
2486,LcA
2487,LcB
2488,Sh
2489,LcA
2490,Sh
2491,Pc
2492,LcB
2493,LcB
2494,LcB
2495,Sm
2496,LeB
2497,Sh
2498,LcB
2499,Sh
2500,Pa
2501,Sh
2502,RdA
2503,LcB
2504,Sh
2505,Sh
2506,Sm
2507,Sh
2508,Sh
2509,Ce
2510,Ce
2511,LcB
2512,Ff
2513,LcA
2514,LeB
2515,Sh
2516,Sh
2517,LcB
2518,Sh
2519,LeB
2520,Sh
2521,Ce
2522,Pa
2523,Sh
2524,LeB
2525,RgB
2526,Sm
2527,Sh
2528,Sh
2529,Pa
2530,LcB
2531,Sm
2532,RgB
2533,RdB
2534,Sh
2535,RdB
2536,Sh
2537,Ff
2538,Sh
2539,LcB
2540,Sm
2541,Sh
2542,RgB
2543,LeB
2544,LcB
2545,LeB
2546,LcB
2547,Sh
2548,Ce
2549,Pa
2550,LeB
2551,Ff
2552,Sh
2553,RdB
2554,Fr
2555,Ff
2556,LcA
2557,Sm
2558,Pa
2559,Pa
2560,LeB
2561,RdB
2562,Pa
2563,Sm
2564,Sm
2565,Sh
2566,LcA
2567,Pa
2568,Ra
2569,LcA
2570,Sm
2571,Fr
2572,Pa
2573,Sh
2574,Pa
2575,LcB
2576,Ra
2577,LcB
2578,LcB
2579,Ce
2580,LcB
2581,Pa
2582,LcB
2583,Ff
2584,Ff
2585,LcA
2586,Sm
2587,Sh
2588,Sm
2589,Sm
2590,Pa
2591,Ra
2592,Sh
2593,Fr
2594,LcA
2595,LeB
2596,Ff
2597,RdB
2598,LcA
2599,Sm
2600,LeB
2601,Sm
2602,Pa
2603,Sh
2604,Ra
2605,Ce
2606,Ff
2607,LcB
2608,LcB
2609,Ff
2610,Fr
2611,Ff
2612,LcB
2613,LcB
2614,Sh
2615,Pc
2616,LcA
2617,LcB
2618,LcB
2619,LcA
2620,Ff
2621,LeB
2622,Ce
2623,RdB
2624,Sh
2625,Ce
2626,Sh
2627,RdB
2628,LeB
2629,Ce
2630,LcB
2631,Ce
2632,LcB
2633,LcB
2634,LeB
2635,LcB
2636,Pa
2637,LeB
2638,LcB
2639,LcA
2640,Sh
2641,LeB
2642,Pc
2643,RdB
2644,LcB
2645,RdA
2646,LcB
2647,Sh
2648,Sh
2649,Sh
2650,Ra
2651,Pc
2652,Pa
2653,Sh
2654,RdB
2655,Sh
2656,RdB
2657,Sh
2658,Ff
2659,RdA
2660,LeB
2661,Ff
2662,LcB
2663,Ce
2664,LcA
2665,Sh
2666,Ce
2667,Ff
2668,Pc
2669,Sh
2670,Sm
2671,LcB
2672,Ff
2673,Pa
2674,Pa
2675,Pa
2676,LcA
2677,Sh
2678,Sh
2679,Pc
2680,LcB
2681,LcB
2682,Pa
2683,Pa
2684,Pa
2685,Sh
2686,Ce
2687,Sh
2688,LcB
2689,Sh
2690,Ra
2691,RdB
2692,RdA
2693,LcB
2694,Sh
2695,RgB
2696,Ce
2697,Pa
2698,LcA
2699,RdA
2700,LcA
2701,Fr
2702,Sh
2703,LcA
2704,LcB
2705,Sm
2706,LcA
2707,Ff
2708,Pa
2709,LcA
2710,Pc
2711,RdB
2712,Sh
2713,Ra
2714,Sh
2715,LeB
2716,Ff
2717,LcB
2718,Sh
2719,Sh
2720,Pa
2721,Sm
2722,Ra
2723,LcB
2724,LcB
2725,RdA
2726,LeB
2727,Pa
2728,Pa
2729,LcA
2730,RdB
2731,Sh
2732,Ff
2733,LcA
2734,Sh
2735,Ff
2736,Pa
2737,LcB
2738,Sm
2739,Sh
2740,Pa
2741,Ff
2742,LeB
2743,Sh
2744,LeB
2745,RgB
2746,RdA
2747,Sh
2748,LcB
2749,LcB
2750,Fr
2751,LcB
2752,LeB
2753,Ff
2754,Ff
2755,RdB
2756,Pa
2757,Sm
2758,Pa
2759,Pa
2760,RgB
2761,Ff
2762,Sm
2763,Ce
2764,Sh
2765,LcA
2766,Sm
2767,Pa
2768,RdB
2769,Ff
2770,LeB
2771,RdB
2772,Ce
2773,RdA
2774,Sm
2775,Pa
2776,LeB
2777,Pa
2778,Pa
2779,LeB
2780,Sm
2781,Sh
2782,Pc
2783,Pa
2784,Sm
2785,Sm
2786,LcB
2787,Ce
2788,LcB
2789,LcB
2790,Sh
2791,LcB
2792,Ce
2793,LcB
2794,Sm
2795,LcB
2796,Pc
2797,Ff
2798,Ff
2799,Sh
2800,Sm
2801,Sh
2802,Ce
2803,Sm
2804,RdB
2805,RdB
2806,RdB
2807,LeB
2808,Sh
2809,Sh
2810,RdB
2811,RdB
2812,LcB
2813,Ff
2814,LeB
2815,Sm
2816,RdB
2817,Sh
2818,Pa
2819,Pa
2820,LcB
2821,Pa
2822,Pa
2823,Sh
2824,Ff
2825,Pc
2826,Sm
2827,Pa
2828,Sh
2829,LcB
2830,Sh
2831,LcB
2832,LcB
2833,Sh
2834,Pa
2835,Ff
2836,Pa
2837,Ce
2838,Sh
2839,LcB
2840,Sh
2841,Sh
2842,LcB
2843,RdB
2844,Sh
2845,LcB
2846,Fr
2847,LcB
2848,Sh
2849,Ff
2850,Ff
2851,LcA
2852,RdB
2853,Sh
2854,LcB
2855,LcB
2856,Pa
2857,RdB
2858,RgB
2859,Ce
2860,Ce
2861,LeB
2862,Sm
2863,Sh
2864,Sh
2865,LcA
2866,Sh
2867,Sh
2868,Fr
2869,LeB
2870,RdB
2871,RdA
2872,LeB
2873,LcA
2874,LcB
2875,LcB
2876,Ff
2877,LcB
2878,Sh
2879,Sh
2880,RgB
2881,Pa
2882,RgB
2883,Pa
2884,Sm
2885,Ff
2886,Sh
2887,Sh
2888,LcA
2889,LcB
2890,RdB
2891,LcB
2892,LcB
2893,Pc
2894,Sh
2895,RgB
2896,Sh
2897,Ra
2898,Sh
2899,Pa
2900,LcB
2901,LeB
2902,LeB
2903,RdB
2904,LcB
2905,Pa
2906,Pa
2907,LeB
2908,Sh
2909,Pa
2910,Sh
2911,LcA
2912,LcB
2913,Sh
2914,LcB
2915,LcB
2916,LcB
2917,LeB
2918,Sh
2919,RdB
2920,Sh
2921,Sh
2922,LcB
2923,LeB
2924,Sh
2925,RdB
2926,LcA
2927,LcB
2928,Sh
2929,Sh
2930,Sh
2931,Ff
2932,Sh
2933,LcA
2934,Sm
2935,Pa
2936,Sh
2937,RdA
2938,Sm
2939,RdB
2940,Sh
2941,LcB
2942,LcA
2943,Sm
2944,LcB
2945,RdA
2946,Fr
2947,LcA
2948,Ff
2949,Sh
2950,Sh
2951,RgB
2952,RdB
2953,RdB
2954,RdA
2955,Sh
2956,RgB
2957,Ff
2958,RdA
2959,Pa
2960,LeB
2961,LeB
2962,Sh
2963,LcA
2964,LcA
2965,Ff
2966,LcA
2967,Sh
2968,Sh
2969,Sm
2970,Sm
2971,Sm
2972,Sh
2973,LeB
2974,RdB
2975,LcB
2976,RgB
2977,Sm
2978,LcB
2979,Sh
2980,RgB
2981,Ce
2982,Sh
2983,Sm
2984,Sh
2985,Sm
2986,Pa
2987,Pc
2988,Sh
2989,Ce
2990,LeB
2991,Sh
2992,LcB
2993,Sh
2994,LeB
2995,LcA
2996,Sh
2997,Ff
2998,Pa
2999,LcB
3000,Sm
3001,Sh
3002,Ff
3003,Sh
3004,RdB
3005,Sh
3006,Ff
3007,Ff
3008,LeB
3009,Sm
3010,Pc
3011,LeB
3012,RdB
3013,Sh
3014,RdA
3015,Sh
3016,Ra
3017,LcB
3018,Sh
3019,RdB
3020,LcB
3021,Sh
3022,RdB
3023,RgB
3024,Sm
3025,Ff
3026,LcB
3027,Pa
3028,Ff
3029,Sh
3030,LeB
3031,RdA
3032,Pc
3033,Pa
3034,Pa
3035,LcB
3036,Sh
3037,Ce
3038,Pa
3039,Sh
3040,LcB
3041,Pa
3042,Sh
3043,Sh
3044,Sh
3045,LcB
3046,RdB
3047,LeB
3048,LcB
3049,LcA
3050,Sh
3051,Pa
3052,Ce
3053,Sh
3054,Sh
3055,RdB
3056,Sh
3057,Sh
3058,Sh
3059,LcB
3060,Ff
3061,Pa
3062,Sm
3063,Sh
3064,Sh
3065,RdB
3066,Ff
3067,LcB
3068,LcB
3069,Pa
3070,LcB
3071,LcA
3072,RdB
3073,Sh
3074,Sh
3075,Fr
3076,LeB
3077,Ce
3078,LeB
3079,Ce
3080,Ra
3081,LcB
3082,Sm
3083,Pa
3084,LcB
3085,Ff
3086,LcB
3087,LcA
3088,Sh
3089,LeB
3090,Sh
3091,LcA
3092,Sh
3093,LcB
3094,RdB
3095,RdA
3096,RdB
3097,Sh
3098,LeB
3099,LcB
3100,Pa
3101,RgB
3102,Pa
3103,LcA
3104,Pa
3105,LcB
3106,Sh
3107,Sh
3108,Ff
3109,RdB
3110,LcA
3111,Sh
3112,Sh
3113,Sh
3114,Ff
3115,Fr
3116,Pa
3117,LcB
3118,LcA
3119,Ce
3120,LeB
3121,LeB
3122,RdA
3123,Sh
3124,LcA
3125,LeB
3126,Ce
3127,Ff
3128,Sm
3129,Pa
3130,LeB
3131,LcB
3132,LcB
3133,LcB
3134,RdA
3135,LcB
3136,LeB
3137,Sh
3138,Ff
3139,Sm
3140,Pa
3141,RdB
3142,Sh
3143,RdA
3144,Pa
3145,Pa
3146,Sh
3147,RdB
3148,Ff
3149,Pa
3150,RdB
3151,Ce
3152,Pa
3153,Sm
3154,Pa
3155,Sh
3156,Sh
3157,LeB
3158,RdB
3159,RdB
3160,LcB
3161,Ff
3162,LcB
3163,LeB
3164,Pa
3165,RdB
3166,Sh
3167,Sh
3168,Ce
3169,LeB
3170,Ip
3171,Pc
3172,Ff
3173,Ff
3174,Sh
3175,LeB
3176,Sh
3177,Ce
3178,LcB
3179,RdB
3180,Pa
3181,Sh
3182,Sh
3183,Pa
3184,Pa
3185,Ce
3186,Sh
3187,Pc
3188,Sh
3189,Pa
3190,Pa
3191,RdB
3192,LcB
3193,LcB
3194,Sh
3195,RdB
3196,Sm
3197,LcB
3198,LcB
3199,LcB
3200,LcB
3201,LcB
3202,RdB
3203,LcB
3204,Sh
3205,Ff
3206,Pc
3207,LcB
3208,LcB
3209,LeB
3210,Sh
3211,Ff
3212,Sh
3213,LcA
3214,LeB
3215,Sm
3216,LeB
3217,Sh
3218,LcB
3219,Sh
3220,Sh
3221,LcB
3222,RdA
3223,Sh
3224,Ff
3225,LeB
3226,Sm
3227,Ff
3228,Ff
3229,RdA
3230,LeB
3231,RdA
3232,Sh
3233,RgB
3234,Fr
3235,Sh
3236,Sh
3237,Pa
3238,RgB
3239,RdA
3240,Sh
3241,RdB
3242,Sh
3243,Sh
3244,Sh
3245,RdB
3246,LeB
3247,Ff
3248,LcB
3249,Sh
3250,Pa
3251,Sh
3252,RdB
3253,RdA
3254,LeB
3255,Ff
3256,RdB
3257,RdA
3258,RdB
3259,RdB
3260,LcB
3261,RdB
3262,RdA
3263,LeB
3264,Ce
3265,LcA
3266,Sm
3267,Sh
3268,RgB
3269,Pa
3270,LcB
3271,RdB
3272,Ce
3273,Sm
3274,LeB
3275,Ff
3276,LcA
3277,LeB
3278,Ce
3279,LeB
3280,LcB
3281,Sh
3282,Sh
3283,Pa
3284,Sh
3285,RdB
3286,RdB
3287,Pc
3288,Sh
3289,RdB
3290,Ce
3291,LcA
3292,LcB
3293,Sh
3294,Pa
3295,LcA
3296,Sh
3297,Ce
3298,LeB
3299,LcA
3300,Sh
3301,Ra
3302,LcB
3303,Pa
3304,RdB
3305,RdB
3306,Sh
3307,Sh
3308,Sh
3309,LcB
3310,RdB
3311,LcB
3312,LcA
3313,Sm
3314,LcB
3315,RdB
3316,Sm
3317,RdA
3318,LcB
3319,RdB
3320,Sm
3321,Pa
3322,Sh
3323,Ff
3324,RdB
3325,Pa
3326,LcB
3327,LcB
3328,Fr
3329,Sh
3330,Ff
3331,Pa
3332,Ip
3333,LcA
3334,Sh
3335,Sh
3336,Ff
3337,Sm
3338,Sh
3339,Pa
3340,LcB
3341,RdB
3342,Sh
3343,LcA
3344,Sh
3345,LcB
3346,LcB
3347,LcA
3348,Pa
3349,Ff
3350,Ip
3351,Sm
3352,LeB
3353,Ce
3354,Ce
3355,Pc
3356,Pc
3357,Sh
3358,Pc
3359,LeB
3360,Sh
3361,Pa
3362,Sh
3363,Fr
3364,Sh
3365,Ff
3366,LcA
3367,RdB
3368,Sh
3369,Pa
3370,LcB
3371,Ff
3372,Sh
3373,LcB
3374,LcB
3375,LeB
3376,RdA
3377,RdA
3378,RdA
3379,LcB
3380,Pa
3381,Ff
3382,LeB
3383,Pa
3384,LeB
3385,Sm
3386,Sh
3387,RdB
3388,Ce
3389,LcB
3390,LcA
3391,LcA
3392,Fr
3393,LcB
3394,LcB
3395,LcB
3396,Ff
3397,Ff
3398,LeB
3399,LcB
3400,Ff
3401,Sm
3402,Pa
3403,Pa
3404,Ce
3405,LcB
3406,Pa
3407,Pa
3408,RdA
3409,Sh
3410,LeB
3411,LcA
3412,RdB
3413,Ce
3414,Sm
3415,LeB
3416,RdB
3417,Sm
3418,RdA
3419,Sm
3420,LcB
3421,LeB
3422,RdB
3423,RdA
3424,Ce
3425,Pa
3426,Pa
3427,Sh
3428,Ff
3429,Sh
3430,LcB
3431,Ce
3432,RdB
3433,Fr
3434,Sh
3435,LcA
3436,LcA
3437,LeB
3438,RdB
3439,Ff
3440,Ce
3441,Sh
3442,Sh
3443,Sh
3444,LeB
3445,Ff
3446,LeB
3447,Sm
3448,Ff
3449,Sm
3450,RdB
3451,LcA
3452,Pa
3453,Ce
3454,LeB
3455,LeB
3456,Sm
3457,LcB
3458,Pa
3459,LcB
3460,Ff
3461,Sh
3462,RdA
3463,LeB
3464,LcA
3465,RdB
3466,LeB
3467,Sh
3468,RdA
3469,RdB
3470,LcA
3471,Pa
3472,Pa
3473,RdA
3474,RdB
3475,LcB
3476,LcB
3477,Ff
3478,Ce
3479,Ff
3480,Ce
3481,RdB
3482,Sh
3483,Pa
3484,Pa
3485,Ce
3486,Fr
3487,Sh
3488,LcA
3489,Sh
3490,LcB
3491,Pa
3492,Pc
3493,Pa
3494,LcB
3495,LcA
3496,Ff
3497,RdA
3498,RdB
3499,Sh
3500,Sh
3501,RdB
3502,LcB
3503,Sh
3504,RdB
3505,Ce
3506,Ra
3507,RdB
3508,LcB
3509,RdB
3510,RdB
3511,Ce
3512,LcB
3513,Pa
3514,Sh
3515,RdB
3516,LcA
3517,Ip
3518,Sh
3519,LcA
3520,RdB
3521,LcB
3522,RdA
3523,Sh
3524,Sh
3525,RdB
3526,RgB
3527,RdB
3528,LeB
3529,Ce
3530,Sh
3531,Pc
3532,RgB
3533,Sh
3534,RdB
3535,Ce
3536,LeB
3537,Sm
3538,LcA
3539,Pa
3540,LeB
3541,LeB
3542,Pc
3543,RgB
3544,Fr
3545,Sh
3546,LcB
3547,LcB
3548,Ra
3549,LcB
3550,Sm
3551,Ce
3552,Sh
3553,Ff
3554,Pc
3555,Ff
3556,Ce
3557,LcB
3558,LeB
3559,LcB
3560,RdB
3561,LcB
3562,Pa
3563,Sh
3564,RgB
3565,Sh
3566,Sh
3567,LeB
3568,Sh
3569,LcB
3570,LcA
3571,LcB
3572,LcB
3573,Sh
3574,Sh
3575,RgB
3576,Sh
3577,LcB
3578,Sh
3579,RdA
3580,Sh
3581,Ff
3582,Pa
3583,Ce
3584,RdA
3585,Pa
3586,Fr
3587,LcA
3588,RdB
3589,LcA
3590,Sh
3591,RdA
3592,Sh
3593,LcB
3594,Ff
3595,Ff
3596,Sh
3597,LeB
3598,LeB
3599,Ce
3600,Pa
3601,Sh
3602,Sh
3603,Pa
3604,Sh
3605,Fr
3606,Fr
3607,Sh
3608,Ff
3609,Sm
3610,LeB
3611,Sh
3612,Pc
3613,RdA
3614,LcA
3615,LcB
3616,LeB
3617,LcB
3618,Sh
3619,RdB
3620,Ra
3621,Pa
3622,Ce
3623,Pa
3624,Sh
3625,Sh
3626,Fr
3627,RdA
3628,RdB
3629,Sh
3630,RdB
3631,Sh
3632,Ra
3633,LcB
3634,LcB
3635,Sh
3636,Ff
3637,Sm
3638,LcB
3639,Sh
3640,LcB
3641,Pa
3642,LcB
3643,Sh
3644,LcB
3645,Pa
3646,LcB
3647,Sm
3648,Sh
3649,Sh
3650,Ff
3651,Sh
3652,Ce
3653,Pa
3654,Pa
3655,Ff
3656,Pa
3657,Pa
3658,RdB
3659,Ff
3660,LeB
3661,RdA
3662,LcA
3663,Fr
3664,Pa
3665,Sh
3666,Pa
3667,Sm
3668,RdB
3669,LcB
3670,LeB
3671,LcB
3672,Sh
3673,Pa
3674,LeB
3675,LcB
3676,LcB
3677,LcA
3678,LcB
3679,Ff
3680,Sh
3681,Sh
3682,LcB
3683,Pa
3684,LcB
3685,Pc
3686,Sh
3687,Sh
3688,Ff
3689,Sm
3690,RdB
3691,RdA
3692,Sh
3693,Pa
3694,Sh
3695,LcA
3696,LcB
3697,LcB
3698,RdB
3699,RdB
3700,Sh
3701,Ff
3702,LcB
3703,LcB
3704,Sh
3705,Ff
3706,Sh
3707,Sh
3708,LcA
3709,Sh
3710,LeB
3711,LcB
3712,Sm
3713,Sm
3714,Pa
3715,Sm
3716,Ce
3717,Sh
3718,LcB
3719,RdB
3720,Pa
3721,Ce
3722,LeB
3723,Ce
3724,RdA
3725,Sh
3726,Ce
3727,LcB
3728,Pa
3729,LcB
3730,Pa
3731,LeB
3732,RdB
3733,RgB
3734,Pa
3735,Sh
3736,LeB
3737,Sh
3738,RdB
3739,Pa
3740,Ce
3741,LcB
3742,Sh
3743,Sm
3744,Sm
3745,Sm
3746,Sm
3747,RdB
3748,LcB
3749,RdB
3750,Sh
3751,LcB
3752,Ff
3753,LcB
3754,Pa
3755,Ff
3756,Sh
3757,Sh
3758,RdB
3759,RdB
3760,RdA
3761,LcB
3762,Pa
3763,LcA
3764,Sm
3765,Sh
3766,Sh
3767,Pa
3768,Sh
3769,LcB
3770,Ra
3771,LcA
3772,LcB
3773,LcB
3774,LcB
3775,LcB
3776,LcA
3777,RdB
3778,Pc
3779,RgB
3780,Pc
3781,LcB
3782,LeB
3783,Ff
3784,RdB
3785,LcB
3786,Ff
3787,Ff
3788,Pa
3789,LcA
3790,LcB
3791,LcA
3792,LeB
3793,Sh
3794,Sm
3795,LcB
3796,Sh
3797,Sm
3798,Ff
3799,RdA
3800,RdB
3801,Ff
3802,Ff
3803,Pc
3804,Ff
3805,RdB
3806,LeB
3807,Sh
3808,LcB
3809,Sh
3810,Sm
3811,RdB
3812,LeB
3813,RdA
3814,Fr
3815,RdB
3816,LcB
3817,Sh
3818,Sm
3819,Sh
3820,Ff
3821,LeB
3822,Pa
3823,Ra
3824,Sh
3825,LcB
3826,Sh
3827,LcB
3828,LcB
3829,LcA
3830,Ff
3831,Sh
3832,Ce
3833,Fr
3834,Pc
3835,Sh
3836,Sh
3837,Sh
3838,Pa
3839,Ff
3840,Ce
3841,LcA
3842,LcA
3843,Sh
3844,RdA
3845,LeB
3846,Sh
3847,Sh
3848,RgB
3849,Pa
3850,LcB
3851,RdB
3852,LcA
3853,Pc
3854,Pa
3855,Pa
3856,Sh
3857,Sm
3858,RdB
3859,RdB
3860,Sm
3861,RdA
3862,Pa
3863,Pa
3864,Ce
3865,Ff
3866,RdB
3867,Ff
3868,LcB
3869,Ce
3870,Pa
3871,LcB
3872,RgB
3873,Sh
3874,Pa
3875,Pa
3876,RdB
3877,Pa
3878,RdB
3879,Sh
3880,RdA
3881,Pa
3882,Pa
3883,Pa
3884,Sh
3885,RgB
3886,Ip
3887,LeB
3888,Ff
3889,Ip
3890,LcB
3891,LcB
3892,LcB
3893,RdB
3894,LcB
3895,Ff
3896,Ff
3897,Sh
3898,Sm
3899,Pa
3900,RdA
3901,Pa
3902,Pa
3903,LeB
3904,Fr
3905,Ce
3906,RdB
3907,RdB
3908,Pa
3909,Fr
3910,Sh
3911,Ce
3912,Ra
3913,Sh
3914,Ff
3915,RdB
3916,Pc
3917,Fr
3918,Sh
3919,Sh
3920,Fr
3921,RdB
3922,Ff
3923,Sh
3924,Ff
3925,Fr
3926,LcB
3927,Sh
3928,Sh
3929,Ra
3930,Pa
3931,Sh
3932,LcB
3933,LcB
3934,Sh
3935,Ff
3936,RdA
3937,LcA
3938,LcB
3939,Ff
3940,LeB
3941,Ff
3942,RdB
3943,Sh
3944,LcB
3945,LcB
3946,RdB
3947,RdB
3948,LcB
3949,Fr
3950,Pa
3951,RdA
3952,Sh
3953,Sh
3954,Ff
3955,RdB
3956,Sm
3957,LcB
3958,Sh
3959,Ce
3960,Sh
3961,RdB
3962,Pa
3963,Pa
3964,Pa
3965,LcB
3966,RdB
3967,LeB
3968,LeB
3969,Fr
3970,RgB
3971,LcA
3972,Sh
3973,LcB
3974,RgB
3975,RgB
3976,RdB
3977,LcB
3978,RdB
3979,Sh
3980,Ff
3981,LcA
3982,Pc
3983,Pa
3984,LcA
3985,Sh
3986,Sm
3987,RdB
3988,RdA
3989,Ce
3990,LcB
3991,LcA
3992,Sh
3993,Pa
3994,Ce
3995,LeB
3996,Sh
3997,RdB
3998,Sh
3999,Pa
4000,Sh
4001,LcB
4002,LcB
4003,Ce
4004,Pa
4005,RdB
4006,Sh
4007,Sh
4008,LcB
4009,LcB
4010,Sh
4011,Pa
4012,LeB
4013,LcA
4014,RdB
4015,Ce
4016,LeB
4017,Sm
4018,Sh
4019,Sm
4020,Ce
4021,Ce
4022,RgB
4023,Sh
4024,RdA
4025,LcB
4026,Ff
4027,Ce
4028,Pa
4029,Sh
4030,Sh
4031,RdB
4032,Sh
4033,LeB
4034,RgB
4035,Sh
4036,LcA
